Name;type;Parameter;Place;motu;service-id;product-id;longitude-min;longitude-max;latitude-min;latitude-max;resolution;level;first obs;last obs;source;variable;link;mask;depth-min;depth-max;fileType;time;latName;longName;depthName;timeName;frequency;unitFactor;timeOrigin;timeUnit;dataimport;pretreatment
Copernicus daily MY;model;Temperature;NWS;;NWSHELF_MULTIYEAR_PHY_004_009;cmems_mod_nws_phy-t_my_7km-3D_P1D-m;;;;;7km-3D;4.0;1993-01-01;2024-06-30;marineCopernicus;thetao;https://data.marine.copernicus.eu/product/NWSHELF_MULTIYEAR_PHY_004_009/description;0.0;;;NetCDF;;;;;;daily;;;;Copernicus;Copernicus
Copernicus monthly MY;model;Temperature;NWS;;NWSHELF_MULTIYEAR_PHY_004_009;cmems_mod_nws_phy-t_my_7km-3D_P1M-m;;;;;7km-3D;4.0;1993-01-01;2024-06-01;marineCopernicus;thetao;https://data.marine.copernicus.eu/product/NWSHELF_MULTIYEAR_PHY_004_009/description;0.0;;;NetCDF;;;;;;monthly;;;;Copernicus;Copernicus
Copernicus monthly MYINT;model;Temperature;NWS;;NWSHELF_MULTIYEAR_PHY_004_009;cmems_mod_nws_phy-t_myint_7km-3D_P1M-m;;;;;7km-3D;4.0;2022-07-01;2024-12-01;marineCopernicus;thetao;https://data.marine.copernicus.eu/product/NWSHELF_MULTIYEAR_PHY_004_009/description;0.0;;;NetCDF;;;;;;monthly;;;;Copernicus;Copernicus
Copernicus daily MY;model;eastward_Water_current;NWS;;NWSHELF_MULTIYEAR_PHY_004_009;cmems_mod_nws_phy-uv_my_7km-3D_P1D-m;;;;;7km-3D;4.0;1993-01-01;2024-06-30;marineCopernicus;uo;https://data.marine.copernicus.eu/product/NWSHELF_MULTIYEAR_PHY_004_009/description;0.0;;;NetCDF;;;;;;daily;86400.0;;;Copernicus;Copernicus
Copernicus monthly MY;model;eastward_Water_current;NWS;;NWSHELF_MULTIYEAR_PHY_004_009;cmems_mod_nws_phy-uv_my_7km-3D_P1M-m;;;;;7km-3D;4.0;1993-01-01;2024-06-01;marineCopernicus;uo;https://data.marine.copernicus.eu/product/NWSHELF_MULTIYEAR_PHY_004_009/description;0.0;;;NetCDF;;;;;;monthly;86400.0;;;Copernicus;Copernicus
Copernicus monthly MYINT;model;eastward_Water_current;NWS;;NWSHELF_MULTIYEAR_PHY_004_009;cmems_mod_nws_phy-uv_myint_7km-3D_P1M-m;;;;;7km-3D;4.0;2022-07-01;2024-12-01;marineCopernicus;uo;https://data.marine.copernicus.eu/product/NWSHELF_MULTIYEAR_PHY_004_009/description;0.0;;;NetCDF;;;;;;monthly;86400.0;;;Copernicus;Copernicus
Copernicus daily MY;model;northward_Water_current;NWS;;NWSHELF_MULTIYEAR_PHY_004_009;cmems_mod_nws_phy-uv_my_7km-3D_P1D-m;;;;;7km-3D;4.0;1993-01-01;2024-06-30;marineCopernicus;vo;https://data.marine.copernicus.eu/product/NWSHELF_MULTIYEAR_PHY_004_009/description;0.0;;;NetCDF;;;;;;daily;86400.0;;;Copernicus;Copernicus
Copernicus monthly MY;model;northward_Water_current;NWS;;NWSHELF_MULTIYEAR_PHY_004_009;cmems_mod_nws_phy-uv_my_7km-3D_P1M-m;;;;;7km-3D;4.0;1993-01-01;2024-06-01;marineCopernicus;vo;https://data.marine.copernicus.eu/product/NWSHELF_MULTIYEAR_PHY_004_009/description;0.0;;;NetCDF;;;;;;monthly;86400.0;;;Copernicus;Copernicus
Copernicus monthly MYINT;model;northward_Water_current;NWS;;NWSHELF_MULTIYEAR_PHY_004_009;cmems_mod_nws_phy-uv_myint_7km-3D_P1M-m;;;;;7km-3D;4.0;2022-07-01;2024-12-01;marineCopernicus;vo;https://data.marine.copernicus.eu/product/NWSHELF_MULTIYEAR_PHY_004_009/description;0.0;;;NetCDF;;;;;;monthly;86400.0;;;Copernicus;Copernicus
Copernicus daily MY (10% of nitrate);model;Ammonium;NWS;;NWSHELF_MULTIYEAR_BGC_004_011;cmems_mod_nws_bgc-no3_my_7km-3D_P1D-m;;;;;7km-3D;4.0;1993-01-01;2024-06-30;marineCopernicus;no3;https://data.marine.copernicus.eu/product/NWSHELF_MULTIYEAR_BGC_004_011/description;0.0;;;NetCDF;;;;;;daily;1.4;;;Copernicus;Copernicus
Copernicus monthly MY (10% of nitrate);model;Ammonium;NWS;;NWSHELF_MULTIYEAR_BGC_004_011;cmems_mod_nws_bgc-no3_my_7km-3D_P1M-m;;;;;7km-3D;4.0;1993-01-01;2024-06-01;marineCopernicus;no3;https://data.marine.copernicus.eu/product/NWSHELF_MULTIYEAR_BGC_004_011/description;0.0;;;NetCDF;;;;;;monthly;1.4;;;Copernicus;Copernicus
Copernicus monthly MYINT (10% of nitrate);model;Ammonium;NWS;;NWSHELF_MULTIYEAR_BGC_004_011;cmems_mod_nws_bgc-no3_myint_7km-3D_P1M-m;;;;;7km-3D;4.0;2022-07-01;2024-12-01;marineCopernicus;no3;https://data.marine.copernicus.eu/product/NWSHELF_MULTIYEAR_BGC_004_011/description;0.0;;;NetCDF;;;;;;monthly;1.4;;;Copernicus;Copernicus
Copernicus daily MY;model;Nitrate;NWS;;NWSHELF_MULTIYEAR_BGC_004_011;cmems_mod_nws_bgc-no3_my_7km-3D_P1D-m;;;;;7km-3D;4.0;1993-01-01;2024-06-30;marineCopernicus;no3;https://data.marine.copernicus.eu/product/NWSHELF_MULTIYEAR_BGC_004_011/description;0.0;;;NetCDF;;;;;;daily;14.0;;;Copernicus;Copernicus
Copernicus monthly MY;model;Nitrate;NWS;;NWSHELF_MULTIYEAR_BGC_004_011;cmems_mod_nws_bgc-no3_my_7km-3D_P1M-m;;;;;7km-3D;4.0;1993-01-01;2024-06-01;marineCopernicus;no3;https://data.marine.copernicus.eu/product/NWSHELF_MULTIYEAR_BGC_004_011/description;0.0;;;NetCDF;;;;;;monthly;14.0;;;Copernicus;Copernicus
Copernicus monthly MYINT;model;Nitrate;NWS;;NWSHELF_MULTIYEAR_BGC_004_011;cmems_mod_nws_bgc-no3_myint_7km-3D_P1M-m;;;;;7km-3D;4.0;2022-07-01;2024-12-01;marineCopernicus;no3;https://data.marine.copernicus.eu/product/NWSHELF_MULTIYEAR_BGC_004_011/description;0.0;;;NetCDF;;;;;;monthly;14.0;;;Copernicus;Copernicus
Copernicus daily MY;model;Chlorophyll-a;NWS;;NWSHELF_MULTIYEAR_BGC_004_011;cmems_mod_nws_bgc-chl_my_7km-3D_P1D-m;;;;;7km-3D;4.0;1993-01-01;2024-06-30;marineCopernicus;chl;https://data.marine.copernicus.eu/product/NWSHELF_MULTIYEAR_BGC_004_011/description;0.0;;;NetCDF;;;;;;daily;;;;Copernicus;Copernicus
Copernicus monthly MY;model;Chlorophyll-a;NWS;;NWSHELF_MULTIYEAR_BGC_004_011;cmems_mod_nws_bgc-chl_my_7km-3D_P1M-m;;;;;7km-3D;4.0;1993-01-01;2024-06-01;marineCopernicus;chl;https://data.marine.copernicus.eu/product/NWSHELF_MULTIYEAR_BGC_004_011/description;0.0;;;NetCDF;;;;;;monthly;;;;Copernicus;Copernicus
Copernicus monthly MYINT;model;Chlorophyll-a;NWS;;NWSHELF_MULTIYEAR_BGC_004_011;cmems_mod_nws_bgc-chl_myint_7km-3D_P1M-m;;;;;7km-3D;4.0;2022-07-01;2024-12-01;marineCopernicus;chl;https://data.marine.copernicus.eu/product/NWSHELF_MULTIYEAR_BGC_004_011/description;0.0;;;NetCDF;;;;;;monthly;;;;Copernicus;Copernicus
Copernicus daily MY;model;Phosphate;NWS;;NWSHELF_MULTIYEAR_BGC_004_011;cmems_mod_nws_bgc-po4_my_7km-3D_P1D-m;;;;;7km-3D;4.0;1993-01-01;2024-06-30;marineCopernicus;po4;https://data.marine.copernicus.eu/product/NWSHELF_MULTIYEAR_BGC_004_011/description;0.0;;;NetCDF;;;;;;daily;;;;Copernicus;Copernicus
Copernicus monthly MY;model;Phosphate;NWS;;NWSHELF_MULTIYEAR_BGC_004_011;cmems_mod_nws_bgc-po4_my_7km-3D_P1M-m;;;;;7km-3D;4.0;1993-01-01;2024-06-01;marineCopernicus;po4;https://data.marine.copernicus.eu/product/NWSHELF_MULTIYEAR_BGC_004_011/description;0.0;;;NetCDF;;;;;;monthly;;;;Copernicus;Copernicus
Copernicus monthly MYINT;model;Phosphate;NWS;;NWSHELF_MULTIYEAR_BGC_004_011;cmems_mod_nws_bgc-po4_myint_7km-3D_P1M-m;;;;;7km-3D;4.0;2022-07-01;2024-12-01;marineCopernicus;po4;https://data.marine.copernicus.eu/product/NWSHELF_MULTIYEAR_BGC_004_011/description;0.0;;;NetCDF;;;;;;monthly;;;;Copernicus;Copernicus
Copernicus daily ANFC;model;Temperature;NWS;;NWSHELF_ANALYSISFORECAST_PHY_004_013;cmems_mod_nws_phy_anfc_0.027deg-3D_P1D-m;;;;;0.027deg-3D;4.0;2022-11-23;2025-03-07;marineCopernicus;thetao;https://data.marine.copernicus.eu/product/NWSHELF_ANALYSISFORECAST_PHY_004_013/description;0.0;;;NetCDF;;;;;;daily;;;;Copernicus;Copernicus
Copernicus monthly ANFC;model;Temperature;NWS;;NWSHELF_ANALYSISFORECAST_PHY_004_013;cmems_mod_nws_phy_anfc_0.027deg-3D_P1M-m;;;;;0.027deg-3D;4.0;2022-12-01;2025-01-01;marineCopernicus;thetao;https://data.marine.copernicus.eu/product/NWSHELF_ANALYSISFORECAST_PHY_004_013/description;0.0;;;NetCDF;;;;;;monthly;;;;Copernicus;Copernicus
Copernicus daily ANFC;model;eastward_Water_current;NWS;;NWSHELF_ANALYSISFORECAST_PHY_004_013;cmems_mod_nws_phy_anfc_0.027deg-3D_P1D-m;;;;;0.027deg-3D;4.0;2022-11-23;2025-03-07;marineCopernicus;uo;https://data.marine.copernicus.eu/product/NWSHELF_ANALYSISFORECAST_PHY_004_013/description;0.0;;;NetCDF;;;;;;daily;86400.0;;;Copernicus;Copernicus
Copernicus monthly ANFC;model;eastward_Water_current;NWS;;NWSHELF_ANALYSISFORECAST_PHY_004_013;cmems_mod_nws_phy_anfc_0.027deg-3D_P1M-m;;;;;0.027deg-3D;4.0;2022-12-01;2025-01-01;marineCopernicus;uo;https://data.marine.copernicus.eu/product/NWSHELF_ANALYSISFORECAST_PHY_004_013/description;0.0;;;NetCDF;;;;;;monthly;86400.0;;;Copernicus;Copernicus
Copernicus daily ANFC;model;northward_Water_current;NWS;;NWSHELF_ANALYSISFORECAST_PHY_004_013;cmems_mod_nws_phy_anfc_0.027deg-3D_P1D-m;;;;;0.027deg-3D;4.0;2022-11-23;2025-03-07;marineCopernicus;vo;https://data.marine.copernicus.eu/product/NWSHELF_ANALYSISFORECAST_PHY_004_013/description;0.0;;;NetCDF;;;;;;daily;86400.0;;;Copernicus;Copernicus
Copernicus monthly ANFC;model;northward_Water_current;NWS;;NWSHELF_ANALYSISFORECAST_PHY_004_013;cmems_mod_nws_phy_anfc_0.027deg-3D_P1M-m;;;;;0.027deg-3D;4.0;2022-12-01;2025-01-01;marineCopernicus;vo;https://data.marine.copernicus.eu/product/NWSHELF_ANALYSISFORECAST_PHY_004_013/description;0.0;;;NetCDF;;;;;;monthly;86400.0;;;Copernicus;Copernicus
Copernicus daily ANFC;model;Ammonium;NWS;;NWSHELF_ANALYSISFORECAST_BGC_004_002;cmems_mod_nws_bgc_anfc_0.027deg-3D_P1D-m;;;;;0.027deg-3D;4.0;2022-11-23;2025-03-01;marineCopernicus;nh4;https://data.marine.copernicus.eu/product/NWSHELF_ANALYSISFORECAST_BGC_004_002/description;0.0;;;NetCDF;;;;;;daily;14.0;;;Copernicus;Copernicus
Copernicus daily ANFC (10% of nitrate);model;Ammonium;NWS;;NWSHELF_ANALYSISFORECAST_BGC_004_002;cmems_mod_nws_bgc_anfc_0.027deg-3D_P1D-m;;;;;0.027deg-3D;4.0;2022-11-23;2025-03-01;marineCopernicus;no3;https://data.marine.copernicus.eu/product/NWSHELF_ANALYSISFORECAST_BGC_004_002/description;0.0;;;NetCDF;;;;;;daily;1.4;;;Copernicus;Copernicus
Copernicus monthly ANFC;model;Ammonium;NWS;;NWSHELF_ANALYSISFORECAST_BGC_004_002;cmems_mod_nws_bgc_anfc_0.027deg-3D_P1M-m;;;;;0.027deg-3D;4.0;2022-12-01;2025-01-01;marineCopernicus;nh4;https://data.marine.copernicus.eu/product/NWSHELF_ANALYSISFORECAST_BGC_004_002/description;0.0;;;NetCDF;;;;;;monthly;14.0;;;Copernicus;Copernicus
Copernicus monthly ANFC (10% of nitrate);model;Ammonium;NWS;;NWSHELF_ANALYSISFORECAST_BGC_004_002;cmems_mod_nws_bgc_anfc_0.027deg-3D_P1M-m;;;;;0.027deg-3D;4.0;2022-12-01;2025-01-01;marineCopernicus;no3;https://data.marine.copernicus.eu/product/NWSHELF_ANALYSISFORECAST_BGC_004_002/description;0.0;;;NetCDF;;;;;;monthly;1.4;;;Copernicus;Copernicus
Copernicus daily ANFC;model;Nitrate;NWS;;NWSHELF_ANALYSISFORECAST_BGC_004_002;cmems_mod_nws_bgc_anfc_0.027deg-3D_P1D-m;;;;;0.027deg-3D;4.0;2022-11-23;2025-03-01;marineCopernicus;no3;https://data.marine.copernicus.eu/product/NWSHELF_ANALYSISFORECAST_BGC_004_002/description;0.0;;;NetCDF;;;;;;daily;14.0;;;Copernicus;Copernicus
Copernicus monthly ANFC;model;Nitrate;NWS;;NWSHELF_ANALYSISFORECAST_BGC_004_002;cmems_mod_nws_bgc_anfc_0.027deg-3D_P1M-m;;;;;0.027deg-3D;4.0;2022-12-01;2025-01-01;marineCopernicus;no3;https://data.marine.copernicus.eu/product/NWSHELF_ANALYSISFORECAST_BGC_004_002/description;0.0;;;NetCDF;;;;;;monthly;14.0;;;Copernicus;Copernicus
Copernicus daily ANFC;model;Chlorophyll-a;NWS;;NWSHELF_ANALYSISFORECAST_BGC_004_002;cmems_mod_nws_bgc_anfc_0.027deg-3D_P1D-m;;;;;0.027deg-3D;4.0;2022-11-23;2025-03-01;marineCopernicus;chl;https://data.marine.copernicus.eu/product/NWSHELF_ANALYSISFORECAST_BGC_004_002/description;0.0;;;NetCDF;;;;;;daily;;;;Copernicus;Copernicus
Copernicus monthly ANFC;model;Chlorophyll-a;NWS;;NWSHELF_ANALYSISFORECAST_BGC_004_002;cmems_mod_nws_bgc_anfc_0.027deg-3D_P1M-m;;;;;0.027deg-3D;4.0;2022-12-01;2025-01-01;marineCopernicus;chl;https://data.marine.copernicus.eu/product/NWSHELF_ANALYSISFORECAST_BGC_004_002/description;0.0;;;NetCDF;;;;;;monthly;;;;Copernicus;Copernicus
Copernicus daily ANFC;model;Phosphate;NWS;;NWSHELF_ANALYSISFORECAST_BGC_004_002;cmems_mod_nws_bgc_anfc_0.027deg-3D_P1D-m;;;;;0.027deg-3D;4.0;2022-11-23;2025-03-01;marineCopernicus;po4;https://data.marine.copernicus.eu/product/NWSHELF_ANALYSISFORECAST_BGC_004_002/description;0.0;;;NetCDF;;;;;;daily;;;;Copernicus;Copernicus
Copernicus monthly ANFC;model;Phosphate;NWS;;NWSHELF_ANALYSISFORECAST_BGC_004_002;cmems_mod_nws_bgc_anfc_0.027deg-3D_P1M-m;;;;;0.027deg-3D;4.0;2022-12-01;2025-01-01;marineCopernicus;po4;https://data.marine.copernicus.eu/product/NWSHELF_ANALYSISFORECAST_BGC_004_002/description;0.0;;;NetCDF;;;;;;monthly;;;;Copernicus;Copernicus
Copernicus daily MY;model;Temperature;Baltic;;BALTICSEA_MULTIYEAR_PHY_003_011;cmems_mod_bal_phy_my_P1D-m;;;;;P1D-m;4.0;1993-01-01;2023-12-31;marineCopernicus;thetao;https://data.marine.copernicus.eu/product/BALTICSEA_MULTIYEAR_PHY_003_011/description;0.0;;;NetCDF;;;;;;daily;;;;Copernicus;Copernicus
Copernicus monthly MY;model;Temperature;Baltic;;BALTICSEA_MULTIYEAR_PHY_003_011;cmems_mod_bal_phy_my_P1M-m;;;;;P1M-m;4.0;1993-01-01;2023-12-01;marineCopernicus;thetao;https://data.marine.copernicus.eu/product/BALTICSEA_MULTIYEAR_PHY_003_011/description;0.0;;;NetCDF;;;;;;monthly;;;;Copernicus;Copernicus
Copernicus daily MY;model;eastward_Water_current;Baltic;;BALTICSEA_MULTIYEAR_PHY_003_011;cmems_mod_bal_phy_my_P1D-m;;;;;P1D-m;4.0;1993-01-01;2023-12-31;marineCopernicus;uo;https://data.marine.copernicus.eu/product/BALTICSEA_MULTIYEAR_PHY_003_011/description;0.0;;;NetCDF;;;;;;daily;86400.0;;;Copernicus;Copernicus
Copernicus monthly MY;model;eastward_Water_current;Baltic;;BALTICSEA_MULTIYEAR_PHY_003_011;cmems_mod_bal_phy_my_P1M-m;;;;;P1M-m;4.0;1993-01-01;2023-12-01;marineCopernicus;uo;https://data.marine.copernicus.eu/product/BALTICSEA_MULTIYEAR_PHY_003_011/description;0.0;;;NetCDF;;;;;;monthly;86400.0;;;Copernicus;Copernicus
Copernicus daily MY;model;northward_Water_current;Baltic;;BALTICSEA_MULTIYEAR_PHY_003_011;cmems_mod_bal_phy_my_P1D-m;;;;;P1D-m;4.0;1993-01-01;2023-12-31;marineCopernicus;vo;https://data.marine.copernicus.eu/product/BALTICSEA_MULTIYEAR_PHY_003_011/description;0.0;;;NetCDF;;;;;;daily;86400.0;;;Copernicus;Copernicus
Copernicus monthly MY;model;northward_Water_current;Baltic;;BALTICSEA_MULTIYEAR_PHY_003_011;cmems_mod_bal_phy_my_P1M-m;;;;;P1M-m;4.0;1993-01-01;2023-12-01;marineCopernicus;vo;https://data.marine.copernicus.eu/product/BALTICSEA_MULTIYEAR_PHY_003_011/description;0.0;;;NetCDF;;;;;;monthly;86400.0;;;Copernicus;Copernicus
Copernicus daily MY;model;Ammonium;Baltic;;BALTICSEA_MULTIYEAR_BGC_003_012;cmems_mod_bal_bgc_my_P1D-m;;;;;P1D-m;4.0;1993-01-01;2023-12-31;marineCopernicus;nh4;https://data.marine.copernicus.eu/product/BALTICSEA_MULTIYEAR_BGC_003_012/description;0.0;;;NetCDF;;;;;;daily;14.0;;;Copernicus;Copernicus
Copernicus daily MY (10% of nitrate);model;Ammonium;Baltic;;BALTICSEA_MULTIYEAR_BGC_003_012;cmems_mod_bal_bgc_my_P1D-m;;;;;P1D-m;4.0;1993-01-01;2023-12-31;marineCopernicus;no3;https://data.marine.copernicus.eu/product/BALTICSEA_MULTIYEAR_BGC_003_012/description;0.0;;;NetCDF;;;;;;daily;1.4;;;Copernicus;Copernicus
Copernicus monthly MY;model;Ammonium;Baltic;;BALTICSEA_MULTIYEAR_BGC_003_012;cmems_mod_bal_bgc_my_P1M-m;;;;;P1M-m;4.0;1993-01-01;2023-12-01;marineCopernicus;nh4;https://data.marine.copernicus.eu/product/BALTICSEA_MULTIYEAR_BGC_003_012/description;0.0;;;NetCDF;;;;;;monthly;14.0;;;Copernicus;Copernicus
Copernicus monthly MY (10% of nitrate);model;Ammonium;Baltic;;BALTICSEA_MULTIYEAR_BGC_003_012;cmems_mod_bal_bgc_my_P1M-m;;;;;P1M-m;4.0;1993-01-01;2023-12-01;marineCopernicus;no3;https://data.marine.copernicus.eu/product/BALTICSEA_MULTIYEAR_BGC_003_012/description;0.0;;;NetCDF;;;;;;monthly;1.4;;;Copernicus;Copernicus
Copernicus daily MY;model;Nitrate;Baltic;;BALTICSEA_MULTIYEAR_BGC_003_012;cmems_mod_bal_bgc_my_P1D-m;;;;;P1D-m;4.0;1993-01-01;2023-12-31;marineCopernicus;no3;https://data.marine.copernicus.eu/product/BALTICSEA_MULTIYEAR_BGC_003_012/description;0.0;;;NetCDF;;;;;;daily;14.0;;;Copernicus;Copernicus
Copernicus monthly MY;model;Nitrate;Baltic;;BALTICSEA_MULTIYEAR_BGC_003_012;cmems_mod_bal_bgc_my_P1M-m;;;;;P1M-m;4.0;1993-01-01;2023-12-01;marineCopernicus;no3;https://data.marine.copernicus.eu/product/BALTICSEA_MULTIYEAR_BGC_003_012/description;0.0;;;NetCDF;;;;;;monthly;14.0;;;Copernicus;Copernicus
Copernicus daily MY;model;Chlorophyll-a;Baltic;;BALTICSEA_MULTIYEAR_BGC_003_012;cmems_mod_bal_bgc_my_P1D-m;;;;;P1D-m;4.0;1993-01-01;2023-12-31;marineCopernicus;chl;https://data.marine.copernicus.eu/product/BALTICSEA_MULTIYEAR_BGC_003_012/description;0.0;;;NetCDF;;;;;;daily;;;;Copernicus;Copernicus
Copernicus monthly MY;model;Chlorophyll-a;Baltic;;BALTICSEA_MULTIYEAR_BGC_003_012;cmems_mod_bal_bgc_my_P1M-m;;;;;P1M-m;4.0;1993-01-01;2023-12-01;marineCopernicus;chl;https://data.marine.copernicus.eu/product/BALTICSEA_MULTIYEAR_BGC_003_012/description;0.0;;;NetCDF;;;;;;monthly;;;;Copernicus;Copernicus
Copernicus daily MY;model;Phosphate;Baltic;;BALTICSEA_MULTIYEAR_BGC_003_012;cmems_mod_bal_bgc_my_P1D-m;;;;;P1D-m;4.0;1993-01-01;2023-12-31;marineCopernicus;po4;https://data.marine.copernicus.eu/product/BALTICSEA_MULTIYEAR_BGC_003_012/description;0.0;;;NetCDF;;;;;;daily;;;;Copernicus;Copernicus
Copernicus monthly MY;model;Phosphate;Baltic;;BALTICSEA_MULTIYEAR_BGC_003_012;cmems_mod_bal_bgc_my_P1M-m;;;;;P1M-m;4.0;1993-01-01;2023-12-01;marineCopernicus;po4;https://data.marine.copernicus.eu/product/BALTICSEA_MULTIYEAR_BGC_003_012/description;0.0;;;NetCDF;;;;;;monthly;;;;Copernicus;Copernicus
Copernicus daily ANFC;model;Temperature;Baltic;;BALTICSEA_ANALYSISFORECAST_PHY_003_006;cmems_mod_bal_phy_anfc_7-10days_P1D-m;;;;;7-10days;4.0;2025-03-04;2025-03-06;marineCopernicus;thetao;https://data.marine.copernicus.eu/product/BALTICSEA_ANALYSISFORECAST_PHY_003_006/description;0.0;;;NetCDF;;;;;;daily;;;;Copernicus;Copernicus
Copernicus daily ANFC;model;Temperature;Baltic;;BALTICSEA_ANALYSISFORECAST_PHY_003_006;cmems_mod_bal_phy_anfc_P1D-m;;;;;P1D-m;4.0;2022-12-02;2025-03-03;marineCopernicus;thetao;https://data.marine.copernicus.eu/product/BALTICSEA_ANALYSISFORECAST_PHY_003_006/description;0.0;;;NetCDF;;;;;;daily;;;;Copernicus;Copernicus
Copernicus monthly ANFC;model;Temperature;Baltic;;BALTICSEA_ANALYSISFORECAST_PHY_003_006;cmems_mod_bal_phy_anfc_P1M-m;;;;;P1M-m;4.0;2021-11-01;2024-12-01;marineCopernicus;thetao;https://data.marine.copernicus.eu/product/BALTICSEA_ANALYSISFORECAST_PHY_003_006/description;0.0;;;NetCDF;;;;;;monthly;;;;Copernicus;Copernicus
Copernicus daily ANFC;model;eastward_Water_current;Baltic;;BALTICSEA_ANALYSISFORECAST_PHY_003_006;cmems_mod_bal_phy_anfc_7-10days_P1D-m;;;;;7-10days;4.0;2025-03-04;2025-03-06;marineCopernicus;uo;https://data.marine.copernicus.eu/product/BALTICSEA_ANALYSISFORECAST_PHY_003_006/description;0.0;;;NetCDF;;;;;;daily;86400.0;;;Copernicus;Copernicus
Copernicus daily ANFC;model;eastward_Water_current;Baltic;;BALTICSEA_ANALYSISFORECAST_PHY_003_006;cmems_mod_bal_phy_anfc_P1D-m;;;;;P1D-m;4.0;2022-12-02;2025-03-03;marineCopernicus;uo;https://data.marine.copernicus.eu/product/BALTICSEA_ANALYSISFORECAST_PHY_003_006/description;0.0;;;NetCDF;;;;;;daily;86400.0;;;Copernicus;Copernicus
Copernicus monthly ANFC;model;eastward_Water_current;Baltic;;BALTICSEA_ANALYSISFORECAST_PHY_003_006;cmems_mod_bal_phy_anfc_P1M-m;;;;;P1M-m;4.0;2021-11-01;2024-12-01;marineCopernicus;uo;https://data.marine.copernicus.eu/product/BALTICSEA_ANALYSISFORECAST_PHY_003_006/description;0.0;;;NetCDF;;;;;;monthly;86400.0;;;Copernicus;Copernicus
Copernicus daily ANFC;model;northward_Water_current;Baltic;;BALTICSEA_ANALYSISFORECAST_PHY_003_006;cmems_mod_bal_phy_anfc_7-10days_P1D-m;;;;;7-10days;4.0;2025-03-04;2025-03-06;marineCopernicus;vo;https://data.marine.copernicus.eu/product/BALTICSEA_ANALYSISFORECAST_PHY_003_006/description;0.0;;;NetCDF;;;;;;daily;86400.0;;;Copernicus;Copernicus
Copernicus daily ANFC;model;northward_Water_current;Baltic;;BALTICSEA_ANALYSISFORECAST_PHY_003_006;cmems_mod_bal_phy_anfc_P1D-m;;;;;P1D-m;4.0;2022-12-02;2025-03-03;marineCopernicus;vo;https://data.marine.copernicus.eu/product/BALTICSEA_ANALYSISFORECAST_PHY_003_006/description;0.0;;;NetCDF;;;;;;daily;86400.0;;;Copernicus;Copernicus
Copernicus monthly ANFC;model;northward_Water_current;Baltic;;BALTICSEA_ANALYSISFORECAST_PHY_003_006;cmems_mod_bal_phy_anfc_P1M-m;;;;;P1M-m;4.0;2021-11-01;2024-12-01;marineCopernicus;vo;https://data.marine.copernicus.eu/product/BALTICSEA_ANALYSISFORECAST_PHY_003_006/description;0.0;;;NetCDF;;;;;;monthly;86400.0;;;Copernicus;Copernicus
Copernicus daily ANFC;model;Ammonium;Baltic;;BALTICSEA_ANALYSISFORECAST_BGC_003_007;cmems_mod_bal_bgc_anfc_7-10days_P1D-m;;;;;7-10days;4.0;2025-03-04;2025-03-06;marineCopernicus;nh4;https://data.marine.copernicus.eu/product/BALTICSEA_ANALYSISFORECAST_BGC_003_007/description;0.0;;;NetCDF;;;;;;daily;14.0;;;Copernicus;Copernicus
Copernicus daily ANFC (10% of nitrate);model;Ammonium;Baltic;;BALTICSEA_ANALYSISFORECAST_BGC_003_007;cmems_mod_bal_bgc_anfc_7-10days_P1D-m;;;;;7-10days;4.0;2025-03-04;2025-03-06;marineCopernicus;no3;https://data.marine.copernicus.eu/product/BALTICSEA_ANALYSISFORECAST_BGC_003_007/description;0.0;;;NetCDF;;;;;;daily;1.4;;;Copernicus;Copernicus
Copernicus daily ANFC;model;Ammonium;Baltic;;BALTICSEA_ANALYSISFORECAST_BGC_003_007;cmems_mod_bal_bgc_anfc_P1D-m;;;;;P1D-m;4.0;2022-11-01;2025-03-03;marineCopernicus;nh4;https://data.marine.copernicus.eu/product/BALTICSEA_ANALYSISFORECAST_BGC_003_007/description;0.0;;;NetCDF;;;;;;daily;14.0;;;Copernicus;Copernicus
Copernicus daily ANFC (10% of nitrate);model;Ammonium;Baltic;;BALTICSEA_ANALYSISFORECAST_BGC_003_007;cmems_mod_bal_bgc_anfc_P1D-m;;;;;P1D-m;4.0;2022-11-01;2025-03-03;marineCopernicus;no3;https://data.marine.copernicus.eu/product/BALTICSEA_ANALYSISFORECAST_BGC_003_007/description;0.0;;;NetCDF;;;;;;daily;1.4;;;Copernicus;Copernicus
Copernicus monthly ANFC;model;Ammonium;Baltic;;BALTICSEA_ANALYSISFORECAST_BGC_003_007;cmems_mod_bal_bgc_anfc_P1M-m;;;;;P1M-m;4.0;2022-11-01;2025-01-01;marineCopernicus;nh4;https://data.marine.copernicus.eu/product/BALTICSEA_ANALYSISFORECAST_BGC_003_007/description;0.0;;;NetCDF;;;;;;monthly;14.0;;;Copernicus;Copernicus
Copernicus monthly ANFC (10% of nitrate);model;Ammonium;Baltic;;BALTICSEA_ANALYSISFORECAST_BGC_003_007;cmems_mod_bal_bgc_anfc_P1M-m;;;;;P1M-m;4.0;2022-11-01;2025-01-01;marineCopernicus;no3;https://data.marine.copernicus.eu/product/BALTICSEA_ANALYSISFORECAST_BGC_003_007/description;0.0;;;NetCDF;;;;;;monthly;1.4;;;Copernicus;Copernicus
Copernicus daily ANFC;model;Nitrate;Baltic;;BALTICSEA_ANALYSISFORECAST_BGC_003_007;cmems_mod_bal_bgc_anfc_7-10days_P1D-m;;;;;7-10days;4.0;2025-03-04;2025-03-06;marineCopernicus;no3;https://data.marine.copernicus.eu/product/BALTICSEA_ANALYSISFORECAST_BGC_003_007/description;0.0;;;NetCDF;;;;;;daily;14.0;;;Copernicus;Copernicus
Copernicus daily ANFC;model;Nitrate;Baltic;;BALTICSEA_ANALYSISFORECAST_BGC_003_007;cmems_mod_bal_bgc_anfc_P1D-m;;;;;P1D-m;4.0;2022-11-01;2025-03-03;marineCopernicus;no3;https://data.marine.copernicus.eu/product/BALTICSEA_ANALYSISFORECAST_BGC_003_007/description;0.0;;;NetCDF;;;;;;daily;14.0;;;Copernicus;Copernicus
Copernicus monthly ANFC;model;Nitrate;Baltic;;BALTICSEA_ANALYSISFORECAST_BGC_003_007;cmems_mod_bal_bgc_anfc_P1M-m;;;;;P1M-m;4.0;2022-11-01;2025-01-01;marineCopernicus;no3;https://data.marine.copernicus.eu/product/BALTICSEA_ANALYSISFORECAST_BGC_003_007/description;0.0;;;NetCDF;;;;;;monthly;14.0;;;Copernicus;Copernicus
Copernicus daily ANFC;model;Chlorophyll-a;Baltic;;BALTICSEA_ANALYSISFORECAST_BGC_003_007;cmems_mod_bal_bgc_anfc_7-10days_P1D-m;;;;;7-10days;4.0;2025-03-04;2025-03-06;marineCopernicus;chl;https://data.marine.copernicus.eu/product/BALTICSEA_ANALYSISFORECAST_BGC_003_007/description;0.0;;;NetCDF;;;;;;daily;;;;Copernicus;Copernicus
Copernicus daily ANFC;model;Chlorophyll-a;Baltic;;BALTICSEA_ANALYSISFORECAST_BGC_003_007;cmems_mod_bal_bgc_anfc_P1D-m;;;;;P1D-m;4.0;2022-11-01;2025-03-03;marineCopernicus;chl;https://data.marine.copernicus.eu/product/BALTICSEA_ANALYSISFORECAST_BGC_003_007/description;0.0;;;NetCDF;;;;;;daily;;;;Copernicus;Copernicus
Copernicus monthly ANFC;model;Chlorophyll-a;Baltic;;BALTICSEA_ANALYSISFORECAST_BGC_003_007;cmems_mod_bal_bgc_anfc_P1M-m;;;;;P1M-m;4.0;2022-11-01;2025-01-01;marineCopernicus;chl;https://data.marine.copernicus.eu/product/BALTICSEA_ANALYSISFORECAST_BGC_003_007/description;0.0;;;NetCDF;;;;;;monthly;;;;Copernicus;Copernicus
Copernicus daily ANFC;model;Phosphate;Baltic;;BALTICSEA_ANALYSISFORECAST_BGC_003_007;cmems_mod_bal_bgc_anfc_7-10days_P1D-m;;;;;7-10days;4.0;2025-03-04;2025-03-06;marineCopernicus;po4;https://data.marine.copernicus.eu/product/BALTICSEA_ANALYSISFORECAST_BGC_003_007/description;0.0;;;NetCDF;;;;;;daily;;;;Copernicus;Copernicus
Copernicus daily ANFC;model;Phosphate;Baltic;;BALTICSEA_ANALYSISFORECAST_BGC_003_007;cmems_mod_bal_bgc_anfc_P1D-m;;;;;P1D-m;4.0;2022-11-01;2025-03-03;marineCopernicus;po4;https://data.marine.copernicus.eu/product/BALTICSEA_ANALYSISFORECAST_BGC_003_007/description;0.0;;;NetCDF;;;;;;daily;;;;Copernicus;Copernicus
Copernicus monthly ANFC;model;Phosphate;Baltic;;BALTICSEA_ANALYSISFORECAST_BGC_003_007;cmems_mod_bal_bgc_anfc_P1M-m;;;;;P1M-m;4.0;2022-11-01;2025-01-01;marineCopernicus;po4;https://data.marine.copernicus.eu/product/BALTICSEA_ANALYSISFORECAST_BGC_003_007/description;0.0;;;NetCDF;;;;;;monthly;;;;Copernicus;Copernicus
Copernicus daily MY;model;Temperature;Arctic;;ARCTIC_MULTIYEAR_PHY_002_003;cmems_mod_arc_phy_my_topaz4_P1D-m;;;;;topaz4;4.0;1991-01-01;2023-12-31;marineCopernicus;thetao;https://data.marine.copernicus.eu/product/ARCTIC_MULTIYEAR_PHY_002_003/description;0.0;;;NetCDF;;;;;;daily;;;;Copernicus;Copernicus_Arctic
Copernicus monthly MY;model;Temperature;Arctic;;ARCTIC_MULTIYEAR_PHY_002_003;cmems_mod_arc_phy_my_topaz4_P1M;;;;;topaz4;4.0;1991-01-01;2023-12-01;marineCopernicus;thetao;https://data.marine.copernicus.eu/product/ARCTIC_MULTIYEAR_PHY_002_003/description;0.0;;;NetCDF;;;;;;monthly;;;;Copernicus;Copernicus_Arctic
Copernicus daily MY;model;eastward_Water_current;Arctic;;ARCTIC_MULTIYEAR_PHY_002_003;cmems_mod_arc_phy_my_topaz4_P1D-m;;;;;topaz4;4.0;1991-01-01;2023-12-31;marineCopernicus;vxo;https://data.marine.copernicus.eu/product/ARCTIC_MULTIYEAR_PHY_002_003/description;0.0;;;NetCDF;;;;;;daily;86400.0;;;Copernicus;Copernicus_Arctic
Copernicus monthly MY;model;eastward_Water_current;Arctic;;ARCTIC_MULTIYEAR_PHY_002_003;cmems_mod_arc_phy_my_topaz4_P1M;;;;;topaz4;4.0;1991-01-01;2023-12-01;marineCopernicus;vxo;https://data.marine.copernicus.eu/product/ARCTIC_MULTIYEAR_PHY_002_003/description;0.0;;;NetCDF;;;;;;monthly;86400.0;;;Copernicus;Copernicus_Arctic
Copernicus daily MY;model;northward_Water_current;Arctic;;ARCTIC_MULTIYEAR_PHY_002_003;cmems_mod_arc_phy_my_topaz4_P1D-m;;;;;topaz4;4.0;1991-01-01;2023-12-31;marineCopernicus;vyo;https://data.marine.copernicus.eu/product/ARCTIC_MULTIYEAR_PHY_002_003/description;0.0;;;NetCDF;;;;;;daily;86400.0;;;Copernicus;Copernicus_Arctic
Copernicus monthly MY;model;northward_Water_current;Arctic;;ARCTIC_MULTIYEAR_PHY_002_003;cmems_mod_arc_phy_my_topaz4_P1M;;;;;topaz4;4.0;1991-01-01;2023-12-01;marineCopernicus;vyo;https://data.marine.copernicus.eu/product/ARCTIC_MULTIYEAR_PHY_002_003/description;0.0;;;NetCDF;;;;;;monthly;86400.0;;;Copernicus;Copernicus_Arctic
Copernicus daily MY (10% of nitrate);model;Ammonium;Arctic;;ARCTIC_MULTIYEAR_BGC_002_005;cmems_mod_arc_bgc_my_ecosmo_P1D-m;;;;;ecosmo;4.0;2007-01-01;2022-12-31;marineCopernicus;no3;https://data.marine.copernicus.eu/product/ARCTIC_MULTIYEAR_BGC_002_005/description;0.0;;;NetCDF;;;;;;daily;1.4;;;Copernicus;Copernicus_Arctic
Copernicus monthly MY (10% of nitrate);model;Ammonium;Arctic;;ARCTIC_MULTIYEAR_BGC_002_005;cmems_mod_arc_bgc_my_ecosmo_P1M;;;;;ecosmo;4.0;2007-01-01;2022-12-01;marineCopernicus;no3;https://data.marine.copernicus.eu/product/ARCTIC_MULTIYEAR_BGC_002_005/description;0.0;;;NetCDF;;;;;;monthly;1.4;;;Copernicus;Copernicus_Arctic
Copernicus daily MY;model;Nitrate;Arctic;;ARCTIC_MULTIYEAR_BGC_002_005;cmems_mod_arc_bgc_my_ecosmo_P1D-m;;;;;ecosmo;4.0;2007-01-01;2022-12-31;marineCopernicus;no3;https://data.marine.copernicus.eu/product/ARCTIC_MULTIYEAR_BGC_002_005/description;0.0;;;NetCDF;;;;;;daily;14.0;;;Copernicus;Copernicus_Arctic
Copernicus monthly MY;model;Nitrate;Arctic;;ARCTIC_MULTIYEAR_BGC_002_005;cmems_mod_arc_bgc_my_ecosmo_P1M;;;;;ecosmo;4.0;2007-01-01;2022-12-01;marineCopernicus;no3;https://data.marine.copernicus.eu/product/ARCTIC_MULTIYEAR_BGC_002_005/description;0.0;;;NetCDF;;;;;;monthly;14.0;;;Copernicus;Copernicus_Arctic
Copernicus daily MY;model;Chlorophyll-a;Arctic;;ARCTIC_MULTIYEAR_BGC_002_005;cmems_mod_arc_bgc_my_ecosmo_P1D-m;;;;;ecosmo;4.0;2007-01-01;2022-12-31;marineCopernicus;chl;https://data.marine.copernicus.eu/product/ARCTIC_MULTIYEAR_BGC_002_005/description;0.0;;;NetCDF;;;;;;daily;;;;Copernicus;Copernicus_Arctic
Copernicus monthly MY;model;Chlorophyll-a;Arctic;;ARCTIC_MULTIYEAR_BGC_002_005;cmems_mod_arc_bgc_my_ecosmo_P1M;;;;;ecosmo;4.0;2007-01-01;2022-12-01;marineCopernicus;chl;https://data.marine.copernicus.eu/product/ARCTIC_MULTIYEAR_BGC_002_005/description;0.0;;;NetCDF;;;;;;monthly;;;;Copernicus;Copernicus_Arctic
Copernicus daily MY;model;Phosphate;Arctic;;ARCTIC_MULTIYEAR_BGC_002_005;cmems_mod_arc_bgc_my_ecosmo_P1D-m;;;;;ecosmo;4.0;2007-01-01;2022-12-31;marineCopernicus;po4;https://data.marine.copernicus.eu/product/ARCTIC_MULTIYEAR_BGC_002_005/description;0.0;;;NetCDF;;;;;;daily;;;;Copernicus;Copernicus_Arctic
Copernicus monthly MY;model;Phosphate;Arctic;;ARCTIC_MULTIYEAR_BGC_002_005;cmems_mod_arc_bgc_my_ecosmo_P1M;;;;;ecosmo;4.0;2007-01-01;2022-12-01;marineCopernicus;po4;https://data.marine.copernicus.eu/product/ARCTIC_MULTIYEAR_BGC_002_005/description;0.0;;;NetCDF;;;;;;monthly;;;;Copernicus;Copernicus_Arctic
Copernicus daily ANFC;model;Temperature;Arctic;;ARCTIC_ANALYSISFORECAST_PHY_002_001;cmems_mod_arc_phy_anfc_6km_detided_P1D-m;;;;;6km;4.0;2021-07-05;2025-03-06;marineCopernicus;thetao;https://data.marine.copernicus.eu/product/ARCTIC_ANALYSISFORECAST_PHY_002_001/description;0.0;;;NetCDF;;;;;;daily;;;;Copernicus;Copernicus_Arctic
Copernicus monthly ANFC;model;Temperature;Arctic;;ARCTIC_ANALYSISFORECAST_PHY_002_001;cmems_mod_arc_phy_anfc_6km_detided_P1M-m;;;;;6km;4.0;2021-11-01;2025-01-01;marineCopernicus;thetao;https://data.marine.copernicus.eu/product/ARCTIC_ANALYSISFORECAST_PHY_002_001/description;0.0;;;NetCDF;;;;;;monthly;;;;Copernicus;Copernicus_Arctic
Copernicus daily ANFC;model;eastward_Water_current;Arctic;;ARCTIC_ANALYSISFORECAST_PHY_002_001;cmems_mod_arc_phy_anfc_6km_detided_P1D-m;;;;;6km;4.0;2021-07-05;2025-03-06;marineCopernicus;vxo;https://data.marine.copernicus.eu/product/ARCTIC_ANALYSISFORECAST_PHY_002_001/description;0.0;;;NetCDF;;;;;;daily;86400.0;;;Copernicus;Copernicus_Arctic
Copernicus monthly ANFC;model;eastward_Water_current;Arctic;;ARCTIC_ANALYSISFORECAST_PHY_002_001;cmems_mod_arc_phy_anfc_6km_detided_P1M-m;;;;;6km;4.0;2021-11-01;2025-01-01;marineCopernicus;vxo;https://data.marine.copernicus.eu/product/ARCTIC_ANALYSISFORECAST_PHY_002_001/description;0.0;;;NetCDF;;;;;;monthly;86400.0;;;Copernicus;Copernicus_Arctic
Copernicus daily ANFC;model;northward_Water_current;Arctic;;ARCTIC_ANALYSISFORECAST_PHY_002_001;cmems_mod_arc_phy_anfc_6km_detided_P1D-m;;;;;6km;4.0;2021-07-05;2025-03-06;marineCopernicus;vyo;https://data.marine.copernicus.eu/product/ARCTIC_ANALYSISFORECAST_PHY_002_001/description;0.0;;;NetCDF;;;;;;daily;86400.0;;;Copernicus;Copernicus_Arctic
Copernicus monthly ANFC;model;northward_Water_current;Arctic;;ARCTIC_ANALYSISFORECAST_PHY_002_001;cmems_mod_arc_phy_anfc_6km_detided_P1M-m;;;;;6km;4.0;2021-11-01;2025-01-01;marineCopernicus;vyo;https://data.marine.copernicus.eu/product/ARCTIC_ANALYSISFORECAST_PHY_002_001/description;0.0;;;NetCDF;;;;;;monthly;86400.0;;;Copernicus;Copernicus_Arctic
Copernicus daily ANFC (10% of nitrate);model;Ammonium;Arctic;;ARCTIC_ANALYSISFORECAST_BGC_002_004;cmems_mod_arc_bgc_anfc_ecosmo_P1D-m;;;;;ecosmo;4.0;2019-03-22;2025-03-06;marineCopernicus;no3;https://data.marine.copernicus.eu/product/ARCTIC_ANALYSISFORECAST_BGC_002_004/description;0.0;;;NetCDF;;;;;;daily;1.4;;;Copernicus;Copernicus_Arctic
Copernicus monthly ANFC (10% of nitrate);model;Ammonium;Arctic;;ARCTIC_ANALYSISFORECAST_BGC_002_004;cmems_mod_arc_bgc_anfc_ecosmo_P1M-m;;;;;ecosmo;4.0;2019-01-01;2025-01-01;marineCopernicus;no3;https://data.marine.copernicus.eu/product/ARCTIC_ANALYSISFORECAST_BGC_002_004/description;0.0;;;NetCDF;;;;;;monthly;1.4;;;Copernicus;Copernicus_Arctic
Copernicus daily ANFC;model;Nitrate;Arctic;;ARCTIC_ANALYSISFORECAST_BGC_002_004;cmems_mod_arc_bgc_anfc_ecosmo_P1D-m;;;;;ecosmo;4.0;2019-03-22;2025-03-06;marineCopernicus;no3;https://data.marine.copernicus.eu/product/ARCTIC_ANALYSISFORECAST_BGC_002_004/description;0.0;;;NetCDF;;;;;;daily;14.0;;;Copernicus;Copernicus_Arctic
Copernicus monthly ANFC;model;Nitrate;Arctic;;ARCTIC_ANALYSISFORECAST_BGC_002_004;cmems_mod_arc_bgc_anfc_ecosmo_P1M-m;;;;;ecosmo;4.0;2019-01-01;2025-01-01;marineCopernicus;no3;https://data.marine.copernicus.eu/product/ARCTIC_ANALYSISFORECAST_BGC_002_004/description;0.0;;;NetCDF;;;;;;monthly;14.0;;;Copernicus;Copernicus_Arctic
Copernicus daily ANFC;model;Chlorophyll-a;Arctic;;ARCTIC_ANALYSISFORECAST_BGC_002_004;cmems_mod_arc_bgc_anfc_ecosmo_P1D-m;;;;;ecosmo;4.0;2019-03-22;2025-03-06;marineCopernicus;chl;https://data.marine.copernicus.eu/product/ARCTIC_ANALYSISFORECAST_BGC_002_004/description;0.0;;;NetCDF;;;;;;daily;;;;Copernicus;Copernicus_Arctic
Copernicus monthly ANFC;model;Chlorophyll-a;Arctic;;ARCTIC_ANALYSISFORECAST_BGC_002_004;cmems_mod_arc_bgc_anfc_ecosmo_P1M-m;;;;;ecosmo;4.0;2019-01-01;2025-01-01;marineCopernicus;chl;https://data.marine.copernicus.eu/product/ARCTIC_ANALYSISFORECAST_BGC_002_004/description;0.0;;;NetCDF;;;;;;monthly;;;;Copernicus;Copernicus_Arctic
Copernicus daily ANFC;model;Phosphate;Arctic;;ARCTIC_ANALYSISFORECAST_BGC_002_004;cmems_mod_arc_bgc_anfc_ecosmo_P1D-m;;;;;ecosmo;4.0;2019-03-22;2025-03-06;marineCopernicus;po4;https://data.marine.copernicus.eu/product/ARCTIC_ANALYSISFORECAST_BGC_002_004/description;0.0;;;NetCDF;;;;;;daily;;;;Copernicus;Copernicus_Arctic
Copernicus monthly ANFC;model;Phosphate;Arctic;;ARCTIC_ANALYSISFORECAST_BGC_002_004;cmems_mod_arc_bgc_anfc_ecosmo_P1M-m;;;;;ecosmo;4.0;2019-01-01;2025-01-01;marineCopernicus;po4;https://data.marine.copernicus.eu/product/ARCTIC_ANALYSISFORECAST_BGC_002_004/description;0.0;;;NetCDF;;;;;;monthly;;;;Copernicus;Copernicus_Arctic
Copernicus daily ANFC;model;Temperature;BS;;BLKSEA_ANALYSISFORECAST_PHY_007_001;cmems_mod_blk_phy-tem_anfc_mrm-500m_P1D-m;;;;;mrm-500m;4.0;2021-11-01;2025-03-05;marineCopernicus;thetao;https://data.marine.copernicus.eu/product/BLKSEA_ANALYSISFORECAST_PHY_007_001/description;0.0;;;NetCDF;;;;;;daily;;;;Copernicus;Copernicus
Copernicus daily ANFC;model;Temperature;BS;;BLKSEA_ANALYSISFORECAST_PHY_007_001;cmems_mod_blk_phy-temp_anfc_2.5km_P1D-m;;;;;2.5km;4.0;2022-11-05;2025-03-07;marineCopernicus;thetao;https://data.marine.copernicus.eu/product/BLKSEA_ANALYSISFORECAST_PHY_007_001/description;0.0;;;NetCDF;;;;;;daily;;;;Copernicus;Copernicus
Copernicus monthly ANFC;model;Temperature;BS;;BLKSEA_ANALYSISFORECAST_PHY_007_001;cmems_mod_blk_phy-temp_anfc_2.5km_P1M-m;;;;;2.5km;4.0;2022-11-01;2025-01-01;marineCopernicus;thetao;https://data.marine.copernicus.eu/product/BLKSEA_ANALYSISFORECAST_PHY_007_001/description;0.0;;;NetCDF;;;;;;monthly;;;;Copernicus;Copernicus
Copernicus daily ANFC;model;eastward_Water_current;BS;;BLKSEA_ANALYSISFORECAST_PHY_007_001;cmems_mod_blk_phy-cur_anfc_2.5km_P1D-m;;;;;2.5km;4.0;2022-11-05;2025-03-07;marineCopernicus;uo;https://data.marine.copernicus.eu/product/BLKSEA_ANALYSISFORECAST_PHY_007_001/description;0.0;;;NetCDF;;;;;;daily;86400.0;;;Copernicus;Copernicus
Copernicus monthly ANFC;model;eastward_Water_current;BS;;BLKSEA_ANALYSISFORECAST_PHY_007_001;cmems_mod_blk_phy-cur_anfc_2.5km_P1M-m;;;;;2.5km;4.0;2022-11-01;2025-01-01;marineCopernicus;uo;https://data.marine.copernicus.eu/product/BLKSEA_ANALYSISFORECAST_PHY_007_001/description;0.0;;;NetCDF;;;;;;monthly;86400.0;;;Copernicus;Copernicus
Copernicus daily ANFC;model;eastward_Water_current;BS;;BLKSEA_ANALYSISFORECAST_PHY_007_001;cmems_mod_blk_phy-cur_anfc_mrm-500m_P1D-m;;;;;mrm-500m;4.0;2021-11-01;2025-03-05;marineCopernicus;uo;https://data.marine.copernicus.eu/product/BLKSEA_ANALYSISFORECAST_PHY_007_001/description;0.0;;;NetCDF;;;;;;daily;86400.0;;;Copernicus;Copernicus
Copernicus daily ANFC;model;northward_Water_current;BS;;BLKSEA_ANALYSISFORECAST_PHY_007_001;cmems_mod_blk_phy-cur_anfc_2.5km_P1D-m;;;;;2.5km;4.0;2022-11-05;2025-03-07;marineCopernicus;vo;https://data.marine.copernicus.eu/product/BLKSEA_ANALYSISFORECAST_PHY_007_001/description;0.0;;;NetCDF;;;;;;daily;86400.0;;;Copernicus;Copernicus
Copernicus monthly ANFC;model;northward_Water_current;BS;;BLKSEA_ANALYSISFORECAST_PHY_007_001;cmems_mod_blk_phy-cur_anfc_2.5km_P1M-m;;;;;2.5km;4.0;2022-11-01;2025-01-01;marineCopernicus;vo;https://data.marine.copernicus.eu/product/BLKSEA_ANALYSISFORECAST_PHY_007_001/description;0.0;;;NetCDF;;;;;;monthly;86400.0;;;Copernicus;Copernicus
Copernicus daily ANFC;model;northward_Water_current;BS;;BLKSEA_ANALYSISFORECAST_PHY_007_001;cmems_mod_blk_phy-cur_anfc_mrm-500m_P1D-m;;;;;mrm-500m;4.0;2021-11-01;2025-03-05;marineCopernicus;vo;https://data.marine.copernicus.eu/product/BLKSEA_ANALYSISFORECAST_PHY_007_001/description;0.0;;;NetCDF;;;;;;daily;86400.0;;;Copernicus;Copernicus
Copernicus daily ANFC (10% of nitrate);model;Ammonium;BS;;BLKSEA_ANALYSISFORECAST_BGC_007_010;cmems_mod_blk_bgc-nut_anfc_2.5km_P1D-m;;;;;2.5km;4.0;2022-01-01;2025-03-07;marineCopernicus;no3;https://data.marine.copernicus.eu/product/BLKSEA_ANALYSISFORECAST_BGC_007_010/description;0.0;;;NetCDF;;;;;;daily;1.4;;;Copernicus;Copernicus
Copernicus monthly ANFC (10% of nitrate);model;Ammonium;BS;;BLKSEA_ANALYSISFORECAST_BGC_007_010;cmems_mod_blk_bgc-nut_anfc_2.5km_P1M-m;;;;;2.5km;4.0;2022-01-01;2025-01-01;marineCopernicus;no3;https://data.marine.copernicus.eu/product/BLKSEA_ANALYSISFORECAST_BGC_007_010/description;0.0;;;NetCDF;;;;;;monthly;1.4;;;Copernicus;Copernicus
Copernicus daily ANFC;model;Nitrate;BS;;BLKSEA_ANALYSISFORECAST_BGC_007_010;cmems_mod_blk_bgc-nut_anfc_2.5km_P1D-m;;;;;2.5km;4.0;2022-01-01;2025-03-07;marineCopernicus;no3;https://data.marine.copernicus.eu/product/BLKSEA_ANALYSISFORECAST_BGC_007_010/description;0.0;;;NetCDF;;;;;;daily;14.0;;;Copernicus;Copernicus
Copernicus monthly ANFC;model;Nitrate;BS;;BLKSEA_ANALYSISFORECAST_BGC_007_010;cmems_mod_blk_bgc-nut_anfc_2.5km_P1M-m;;;;;2.5km;4.0;2022-01-01;2025-01-01;marineCopernicus;no3;https://data.marine.copernicus.eu/product/BLKSEA_ANALYSISFORECAST_BGC_007_010/description;0.0;;;NetCDF;;;;;;monthly;14.0;;;Copernicus;Copernicus
Copernicus daily ANFC;model;Chlorophyll-a;BS;;BLKSEA_ANALYSISFORECAST_BGC_007_010;cmems_mod_blk_bgc-pft_anfc_2.5km_P1D-m;;;;;2.5km;4.0;2022-01-01;2025-03-07;marineCopernicus;chl;https://data.marine.copernicus.eu/product/BLKSEA_ANALYSISFORECAST_BGC_007_010/description;0.0;;;NetCDF;;;;;;daily;;;;Copernicus;Copernicus
Copernicus monthly ANFC;model;Chlorophyll-a;BS;;BLKSEA_ANALYSISFORECAST_BGC_007_010;cmems_mod_blk_bgc-pft_anfc_2.5km_P1M-m;;;;;2.5km;4.0;2022-01-01;2025-01-01;marineCopernicus;chl;https://data.marine.copernicus.eu/product/BLKSEA_ANALYSISFORECAST_BGC_007_010/description;0.0;;;NetCDF;;;;;;monthly;;;;Copernicus;Copernicus
Copernicus daily ANFC;model;Phosphate;BS;;BLKSEA_ANALYSISFORECAST_BGC_007_010;cmems_mod_blk_bgc-nut_anfc_2.5km_P1D-m;;;;;2.5km;4.0;2022-01-01;2025-03-07;marineCopernicus;po4;https://data.marine.copernicus.eu/product/BLKSEA_ANALYSISFORECAST_BGC_007_010/description;0.0;;;NetCDF;;;;;;daily;;;;Copernicus;Copernicus
Copernicus monthly ANFC;model;Phosphate;BS;;BLKSEA_ANALYSISFORECAST_BGC_007_010;cmems_mod_blk_bgc-nut_anfc_2.5km_P1M-m;;;;;2.5km;4.0;2022-01-01;2025-01-01;marineCopernicus;po4;https://data.marine.copernicus.eu/product/BLKSEA_ANALYSISFORECAST_BGC_007_010/description;0.0;;;NetCDF;;;;;;monthly;;;;Copernicus;Copernicus
Copernicus daily MY;model;Temperature;BS;;BLKSEA_MULTIYEAR_PHY_007_004;cmems_mod_blk_phy-temp_my_2.5km_P1D-m;;;;;2.5km;4.0;1993-01-01;2023-05-31;marineCopernicus;thetao;https://data.marine.copernicus.eu/product/BLKSEA_MULTIYEAR_PHY_007_004/description;0.0;;;NetCDF;;;;;;daily;;;;Copernicus;Copernicus
Copernicus monthly MY;model;Temperature;BS;;BLKSEA_MULTIYEAR_PHY_007_004;cmems_mod_blk_phy-temp_my_2.5km_P1M-m;;;;;2.5km;4.0;1993-01-01;2023-06-01;marineCopernicus;thetao;https://data.marine.copernicus.eu/product/BLKSEA_MULTIYEAR_PHY_007_004/description;0.0;;;NetCDF;;;;;;monthly;;;;Copernicus;Copernicus
Copernicus monthly MYINT;model;Temperature;BS;;BLKSEA_MULTIYEAR_PHY_007_004;cmems_mod_blk_phy-temp_myint_2.5km_P1M-m;;;;;2.5km;4.0;2023-06-01;2025-01-01;marineCopernicus;thetao;https://data.marine.copernicus.eu/product/BLKSEA_MULTIYEAR_PHY_007_004/description;0.0;;;NetCDF;;;;;;monthly;;;;Copernicus;Copernicus
Copernicus daily MY;model;eastward_Water_current;BS;;BLKSEA_MULTIYEAR_PHY_007_004;cmems_mod_blk_phy-cur_my_2.5km_P1D-m;;;;;2.5km;4.0;1993-01-01;2023-05-31;marineCopernicus;uo;https://data.marine.copernicus.eu/product/BLKSEA_MULTIYEAR_PHY_007_004/description;0.0;;;NetCDF;;;;;;daily;86400.0;;;Copernicus;Copernicus
Copernicus monthly MY;model;eastward_Water_current;BS;;BLKSEA_MULTIYEAR_PHY_007_004;cmems_mod_blk_phy-cur_my_2.5km_P1M-m;;;;;2.5km;4.0;1993-01-01;2023-06-01;marineCopernicus;uo;https://data.marine.copernicus.eu/product/BLKSEA_MULTIYEAR_PHY_007_004/description;0.0;;;NetCDF;;;;;;monthly;86400.0;;;Copernicus;Copernicus
Copernicus monthly MYINT;model;eastward_Water_current;BS;;BLKSEA_MULTIYEAR_PHY_007_004;cmems_mod_blk_phy-cur_myint_2.5km_P1M-m;;;;;2.5km;4.0;2023-06-01;2025-01-01;marineCopernicus;uo;https://data.marine.copernicus.eu/product/BLKSEA_MULTIYEAR_PHY_007_004/description;0.0;;;NetCDF;;;;;;monthly;86400.0;;;Copernicus;Copernicus
Copernicus daily MY;model;northward_Water_current;BS;;BLKSEA_MULTIYEAR_PHY_007_004;cmems_mod_blk_phy-cur_my_2.5km_P1D-m;;;;;2.5km;4.0;1993-01-01;2023-05-31;marineCopernicus;vo;https://data.marine.copernicus.eu/product/BLKSEA_MULTIYEAR_PHY_007_004/description;0.0;;;NetCDF;;;;;;daily;86400.0;;;Copernicus;Copernicus
Copernicus monthly MY;model;northward_Water_current;BS;;BLKSEA_MULTIYEAR_PHY_007_004;cmems_mod_blk_phy-cur_my_2.5km_P1M-m;;;;;2.5km;4.0;1993-01-01;2023-06-01;marineCopernicus;vo;https://data.marine.copernicus.eu/product/BLKSEA_MULTIYEAR_PHY_007_004/description;0.0;;;NetCDF;;;;;;monthly;86400.0;;;Copernicus;Copernicus
Copernicus monthly MYINT;model;northward_Water_current;BS;;BLKSEA_MULTIYEAR_PHY_007_004;cmems_mod_blk_phy-cur_myint_2.5km_P1M-m;;;;;2.5km;4.0;2023-06-01;2025-01-01;marineCopernicus;vo;https://data.marine.copernicus.eu/product/BLKSEA_MULTIYEAR_PHY_007_004/description;0.0;;;NetCDF;;;;;;monthly;86400.0;;;Copernicus;Copernicus
Copernicus daily MY (10% of nitrate);model;Ammonium;BS;;BLKSEA_MULTIYEAR_BGC_007_005;cmems_mod_blk_bgc-nut_my_2.5km_P1D-m;;;;;2.5km;4.0;1992-01-02;2023-12-31;marineCopernicus;no3;https://data.marine.copernicus.eu/product/BLKSEA_MULTIYEAR_BGC_007_005/description;0.0;;;NetCDF;;;;;;daily;1.4;;;Copernicus;Copernicus
Copernicus monthly MY (10% of nitrate);model;Ammonium;BS;;BLKSEA_MULTIYEAR_BGC_007_005;cmems_mod_blk_bgc-nut_my_2.5km_P1M-m;;;;;2.5km;4.0;1992-01-01;2023-12-01;marineCopernicus;no3;https://data.marine.copernicus.eu/product/BLKSEA_MULTIYEAR_BGC_007_005/description;0.0;;;NetCDF;;;;;;monthly;1.4;;;Copernicus;Copernicus
Copernicus monthly MYINT (10% of nitrate);model;Ammonium;BS;;BLKSEA_MULTIYEAR_BGC_007_005;cmems_mod_blk_bgc-nut_myint_2.5km_P1M-m;;;;;2.5km;4.0;2023-01-01;2025-01-01;marineCopernicus;no3;https://data.marine.copernicus.eu/product/BLKSEA_MULTIYEAR_BGC_007_005/description;0.0;;;NetCDF;;;;;;monthly;1.4;;;Copernicus;Copernicus
Copernicus daily MY;model;Nitrate;BS;;BLKSEA_MULTIYEAR_BGC_007_005;cmems_mod_blk_bgc-nut_my_2.5km_P1D-m;;;;;2.5km;4.0;1992-01-02;2023-12-31;marineCopernicus;no3;https://data.marine.copernicus.eu/product/BLKSEA_MULTIYEAR_BGC_007_005/description;0.0;;;NetCDF;;;;;;daily;14.0;;;Copernicus;Copernicus
Copernicus monthly MY;model;Nitrate;BS;;BLKSEA_MULTIYEAR_BGC_007_005;cmems_mod_blk_bgc-nut_my_2.5km_P1M-m;;;;;2.5km;4.0;1992-01-01;2023-12-01;marineCopernicus;no3;https://data.marine.copernicus.eu/product/BLKSEA_MULTIYEAR_BGC_007_005/description;0.0;;;NetCDF;;;;;;monthly;14.0;;;Copernicus;Copernicus
Copernicus monthly MYINT;model;Nitrate;BS;;BLKSEA_MULTIYEAR_BGC_007_005;cmems_mod_blk_bgc-nut_myint_2.5km_P1M-m;;;;;2.5km;4.0;2023-01-01;2025-01-01;marineCopernicus;no3;https://data.marine.copernicus.eu/product/BLKSEA_MULTIYEAR_BGC_007_005/description;0.0;;;NetCDF;;;;;;monthly;14.0;;;Copernicus;Copernicus
Copernicus daily MY;model;Chlorophyll-a;BS;;BLKSEA_MULTIYEAR_BGC_007_005;cmems_mod_blk_bgc-plankton_my_2.5km_P1D-m;;;;;2.5km;4.0;1992-01-02;2023-12-31;marineCopernicus;chl;https://data.marine.copernicus.eu/product/BLKSEA_MULTIYEAR_BGC_007_005/description;0.0;;;NetCDF;;;;;;daily;;;;Copernicus;Copernicus
Copernicus monthly MY;model;Chlorophyll-a;BS;;BLKSEA_MULTIYEAR_BGC_007_005;cmems_mod_blk_bgc-plankton_my_2.5km_P1M-m;;;;;2.5km;4.0;1992-01-01;2023-12-01;marineCopernicus;chl;https://data.marine.copernicus.eu/product/BLKSEA_MULTIYEAR_BGC_007_005/description;0.0;;;NetCDF;;;;;;monthly;;;;Copernicus;Copernicus
Copernicus monthly MYINT;model;Chlorophyll-a;BS;;BLKSEA_MULTIYEAR_BGC_007_005;cmems_mod_blk_bgc-plankton_myint_2.5km_P1M-m;;;;;2.5km;4.0;2023-01-01;2025-01-01;marineCopernicus;chl;https://data.marine.copernicus.eu/product/BLKSEA_MULTIYEAR_BGC_007_005/description;0.0;;;NetCDF;;;;;;monthly;;;;Copernicus;Copernicus
Copernicus daily MY;model;Phosphate;BS;;BLKSEA_MULTIYEAR_BGC_007_005;cmems_mod_blk_bgc-nut_my_2.5km_P1D-m;;;;;2.5km;4.0;1992-01-02;2023-12-31;marineCopernicus;po4;https://data.marine.copernicus.eu/product/BLKSEA_MULTIYEAR_BGC_007_005/description;0.0;;;NetCDF;;;;;;daily;;;;Copernicus;Copernicus
Copernicus monthly MY;model;Phosphate;BS;;BLKSEA_MULTIYEAR_BGC_007_005;cmems_mod_blk_bgc-nut_my_2.5km_P1M-m;;;;;2.5km;4.0;1992-01-01;2023-12-01;marineCopernicus;po4;https://data.marine.copernicus.eu/product/BLKSEA_MULTIYEAR_BGC_007_005/description;0.0;;;NetCDF;;;;;;monthly;;;;Copernicus;Copernicus
Copernicus monthly MYINT;model;Phosphate;BS;;BLKSEA_MULTIYEAR_BGC_007_005;cmems_mod_blk_bgc-nut_myint_2.5km_P1M-m;;;;;2.5km;4.0;2023-01-01;2025-01-01;marineCopernicus;po4;https://data.marine.copernicus.eu/product/BLKSEA_MULTIYEAR_BGC_007_005/description;0.0;;;NetCDF;;;;;;monthly;;;;Copernicus;Copernicus
Copernicus daily ANFC;model;Temperature;IBI;;IBI_ANALYSISFORECAST_PHY_005_001;cmems_mod_ibi_phy_anfc_0.027deg-3D_P1D-m;;;;;0.027deg-3D;4.0;2022-11-23;2025-03-07;marineCopernicus;thetao;https://data.marine.copernicus.eu/product/IBI_ANALYSISFORECAST_PHY_005_001/description;0.0;;;NetCDF;;;;;;daily;;;;Copernicus;Copernicus
Copernicus monthly ANFC;model;Temperature;IBI;;IBI_ANALYSISFORECAST_PHY_005_001;cmems_mod_ibi_phy_anfc_0.027deg-3D_P1M-m;;;;;0.027deg-3D;4.0;2022-12-01;2025-01-01;marineCopernicus;thetao;https://data.marine.copernicus.eu/product/IBI_ANALYSISFORECAST_PHY_005_001/description;0.0;;;NetCDF;;;;;;monthly;;;;Copernicus;Copernicus
Copernicus daily ANFC;model;eastward_Water_current;IBI;;IBI_ANALYSISFORECAST_PHY_005_001;cmems_mod_ibi_phy_anfc_0.027deg-3D_P1D-m;;;;;0.027deg-3D;4.0;2022-11-23;2025-03-07;marineCopernicus;uo;https://data.marine.copernicus.eu/product/IBI_ANALYSISFORECAST_PHY_005_001/description;0.0;;;NetCDF;;;;;;daily;86400.0;;;Copernicus;Copernicus
Copernicus monthly ANFC;model;eastward_Water_current;IBI;;IBI_ANALYSISFORECAST_PHY_005_001;cmems_mod_ibi_phy_anfc_0.027deg-3D_P1M-m;;;;;0.027deg-3D;4.0;2022-12-01;2025-01-01;marineCopernicus;uo;https://data.marine.copernicus.eu/product/IBI_ANALYSISFORECAST_PHY_005_001/description;0.0;;;NetCDF;;;;;;monthly;86400.0;;;Copernicus;Copernicus
Copernicus daily ANFC;model;northward_Water_current;IBI;;IBI_ANALYSISFORECAST_PHY_005_001;cmems_mod_ibi_phy_anfc_0.027deg-3D_P1D-m;;;;;0.027deg-3D;4.0;2022-11-23;2025-03-07;marineCopernicus;vo;https://data.marine.copernicus.eu/product/IBI_ANALYSISFORECAST_PHY_005_001/description;0.0;;;NetCDF;;;;;;daily;86400.0;;;Copernicus;Copernicus
Copernicus monthly ANFC;model;northward_Water_current;IBI;;IBI_ANALYSISFORECAST_PHY_005_001;cmems_mod_ibi_phy_anfc_0.027deg-3D_P1M-m;;;;;0.027deg-3D;4.0;2022-12-01;2025-01-01;marineCopernicus;vo;https://data.marine.copernicus.eu/product/IBI_ANALYSISFORECAST_PHY_005_001/description;0.0;;;NetCDF;;;;;;monthly;86400.0;;;Copernicus;Copernicus
Copernicus daily ANFC;model;Ammonium;IBI;;IBI_ANALYSISFORECAST_BGC_005_004;cmems_mod_ibi_bgc_anfc_0.027deg-3D_P1D-m;;;;;0.027deg-3D;4.0;2022-11-23;2025-03-01;marineCopernicus;nh4;https://data.marine.copernicus.eu/product/IBI_ANALYSISFORECAST_BGC_005_004/description;0.0;;;NetCDF;;;;;;daily;14.0;;;Copernicus;Copernicus
Copernicus daily ANFC (10% of nitrate);model;Ammonium;IBI;;IBI_ANALYSISFORECAST_BGC_005_004;cmems_mod_ibi_bgc_anfc_0.027deg-3D_P1D-m;;;;;0.027deg-3D;4.0;2022-11-23;2025-03-01;marineCopernicus;no3;https://data.marine.copernicus.eu/product/IBI_ANALYSISFORECAST_BGC_005_004/description;0.0;;;NetCDF;;;;;;daily;1.4;;;Copernicus;Copernicus
Copernicus monthly ANFC;model;Ammonium;IBI;;IBI_ANALYSISFORECAST_BGC_005_004;cmems_mod_ibi_bgc_anfc_0.027deg-3D_P1M-m;;;;;0.027deg-3D;4.0;2022-12-01;2025-01-01;marineCopernicus;nh4;https://data.marine.copernicus.eu/product/IBI_ANALYSISFORECAST_BGC_005_004/description;0.0;;;NetCDF;;;;;;monthly;14.0;;;Copernicus;Copernicus
Copernicus monthly ANFC (10% of nitrate);model;Ammonium;IBI;;IBI_ANALYSISFORECAST_BGC_005_004;cmems_mod_ibi_bgc_anfc_0.027deg-3D_P1M-m;;;;;0.027deg-3D;4.0;2022-12-01;2025-01-01;marineCopernicus;no3;https://data.marine.copernicus.eu/product/IBI_ANALYSISFORECAST_BGC_005_004/description;0.0;;;NetCDF;;;;;;monthly;1.4;;;Copernicus;Copernicus
Copernicus daily ANFC;model;Nitrate;IBI;;IBI_ANALYSISFORECAST_BGC_005_004;cmems_mod_ibi_bgc_anfc_0.027deg-3D_P1D-m;;;;;0.027deg-3D;4.0;2022-11-23;2025-03-01;marineCopernicus;no3;https://data.marine.copernicus.eu/product/IBI_ANALYSISFORECAST_BGC_005_004/description;0.0;;;NetCDF;;;;;;daily;14.0;;;Copernicus;Copernicus
Copernicus monthly ANFC;model;Nitrate;IBI;;IBI_ANALYSISFORECAST_BGC_005_004;cmems_mod_ibi_bgc_anfc_0.027deg-3D_P1M-m;;;;;0.027deg-3D;4.0;2022-12-01;2025-01-01;marineCopernicus;no3;https://data.marine.copernicus.eu/product/IBI_ANALYSISFORECAST_BGC_005_004/description;0.0;;;NetCDF;;;;;;monthly;14.0;;;Copernicus;Copernicus
Copernicus daily ANFC;model;Chlorophyll-a;IBI;;IBI_ANALYSISFORECAST_BGC_005_004;cmems_mod_ibi_bgc_anfc_0.027deg-3D_P1D-m;;;;;0.027deg-3D;4.0;2022-11-23;2025-03-01;marineCopernicus;chl;https://data.marine.copernicus.eu/product/IBI_ANALYSISFORECAST_BGC_005_004/description;0.0;;;NetCDF;;;;;;daily;;;;Copernicus;Copernicus
Copernicus monthly ANFC;model;Chlorophyll-a;IBI;;IBI_ANALYSISFORECAST_BGC_005_004;cmems_mod_ibi_bgc_anfc_0.027deg-3D_P1M-m;;;;;0.027deg-3D;4.0;2022-12-01;2025-01-01;marineCopernicus;chl;https://data.marine.copernicus.eu/product/IBI_ANALYSISFORECAST_BGC_005_004/description;0.0;;;NetCDF;;;;;;monthly;;;;Copernicus;Copernicus
Copernicus daily ANFC;model;Phosphate;IBI;;IBI_ANALYSISFORECAST_BGC_005_004;cmems_mod_ibi_bgc_anfc_0.027deg-3D_P1D-m;;;;;0.027deg-3D;4.0;2022-11-23;2025-03-01;marineCopernicus;po4;https://data.marine.copernicus.eu/product/IBI_ANALYSISFORECAST_BGC_005_004/description;0.0;;;NetCDF;;;;;;daily;;;;Copernicus;Copernicus
Copernicus monthly ANFC;model;Phosphate;IBI;;IBI_ANALYSISFORECAST_BGC_005_004;cmems_mod_ibi_bgc_anfc_0.027deg-3D_P1M-m;;;;;0.027deg-3D;4.0;2022-12-01;2025-01-01;marineCopernicus;po4;https://data.marine.copernicus.eu/product/IBI_ANALYSISFORECAST_BGC_005_004/description;0.0;;;NetCDF;;;;;;monthly;;;;Copernicus;Copernicus
Copernicus daily MY;model;Temperature;IBI;;IBI_MULTIYEAR_PHY_005_002;cmems_mod_ibi_phy_my_0.083deg-3D_P1D-m;;;;;0.083deg-3D;4.0;1993-01-01;2023-12-28;marineCopernicus;thetao;https://data.marine.copernicus.eu/product/IBI_MULTIYEAR_PHY_005_002/description;0.0;;;NetCDF;;;;;;daily;;;;Copernicus;Copernicus
Copernicus monthly MY;model;Temperature;IBI;;IBI_MULTIYEAR_PHY_005_002;cmems_mod_ibi_phy_my_0.083deg-3D_P1M-m;;;;;0.083deg-3D;4.0;1993-01-01;2023-12-01;marineCopernicus;thetao;https://data.marine.copernicus.eu/product/IBI_MULTIYEAR_PHY_005_002/description;0.0;;;NetCDF;;;;;;monthly;;;;Copernicus;Copernicus
Copernicus daily MYINT;model;Temperature;IBI;;IBI_MULTIYEAR_PHY_005_002;cmems_mod_ibi_phy_myint_0.083deg_P1D-m;;;;;0.083deg;4.0;2023-12-29;2024-10-23;marineCopernicus;thetao;https://data.marine.copernicus.eu/product/IBI_MULTIYEAR_PHY_005_002/description;0.0;;;NetCDF;;;;;;daily;;;;Copernicus;Copernicus
Copernicus monthly MYINT;model;Temperature;IBI;;IBI_MULTIYEAR_PHY_005_002;cmems_mod_ibi_phy_myint_0.083deg_P1M-m;;;;;0.083deg;4.0;2024-01-01;2024-09-01;marineCopernicus;thetao;https://data.marine.copernicus.eu/product/IBI_MULTIYEAR_PHY_005_002/description;0.0;;;NetCDF;;;;;;monthly;;;;Copernicus;Copernicus
Copernicus daily MY;model;eastward_Water_current;IBI;;IBI_MULTIYEAR_PHY_005_002;cmems_mod_ibi_phy_my_0.083deg-3D_P1D-m;;;;;0.083deg-3D;4.0;1993-01-01;2023-12-28;marineCopernicus;uo;https://data.marine.copernicus.eu/product/IBI_MULTIYEAR_PHY_005_002/description;0.0;;;NetCDF;;;;;;daily;86400.0;;;Copernicus;Copernicus
Copernicus monthly MY;model;eastward_Water_current;IBI;;IBI_MULTIYEAR_PHY_005_002;cmems_mod_ibi_phy_my_0.083deg-3D_P1M-m;;;;;0.083deg-3D;4.0;1993-01-01;2023-12-01;marineCopernicus;uo;https://data.marine.copernicus.eu/product/IBI_MULTIYEAR_PHY_005_002/description;0.0;;;NetCDF;;;;;;monthly;86400.0;;;Copernicus;Copernicus
Copernicus daily MYINT;model;eastward_Water_current;IBI;;IBI_MULTIYEAR_PHY_005_002;cmems_mod_ibi_phy_myint_0.083deg_P1D-m;;;;;0.083deg;4.0;2023-12-29;2024-10-23;marineCopernicus;uo;https://data.marine.copernicus.eu/product/IBI_MULTIYEAR_PHY_005_002/description;0.0;;;NetCDF;;;;;;daily;86400.0;;;Copernicus;Copernicus
Copernicus monthly MYINT;model;eastward_Water_current;IBI;;IBI_MULTIYEAR_PHY_005_002;cmems_mod_ibi_phy_myint_0.083deg_P1M-m;;;;;0.083deg;4.0;2024-01-01;2024-09-01;marineCopernicus;uo;https://data.marine.copernicus.eu/product/IBI_MULTIYEAR_PHY_005_002/description;0.0;;;NetCDF;;;;;;monthly;86400.0;;;Copernicus;Copernicus
Copernicus daily MY;model;northward_Water_current;IBI;;IBI_MULTIYEAR_PHY_005_002;cmems_mod_ibi_phy_my_0.083deg-3D_P1D-m;;;;;0.083deg-3D;4.0;1993-01-01;2023-12-28;marineCopernicus;vo;https://data.marine.copernicus.eu/product/IBI_MULTIYEAR_PHY_005_002/description;0.0;;;NetCDF;;;;;;daily;86400.0;;;Copernicus;Copernicus
Copernicus monthly MY;model;northward_Water_current;IBI;;IBI_MULTIYEAR_PHY_005_002;cmems_mod_ibi_phy_my_0.083deg-3D_P1M-m;;;;;0.083deg-3D;4.0;1993-01-01;2023-12-01;marineCopernicus;vo;https://data.marine.copernicus.eu/product/IBI_MULTIYEAR_PHY_005_002/description;0.0;;;NetCDF;;;;;;monthly;86400.0;;;Copernicus;Copernicus
Copernicus daily MYINT;model;northward_Water_current;IBI;;IBI_MULTIYEAR_PHY_005_002;cmems_mod_ibi_phy_myint_0.083deg_P1D-m;;;;;0.083deg;4.0;2023-12-29;2024-10-23;marineCopernicus;vo;https://data.marine.copernicus.eu/product/IBI_MULTIYEAR_PHY_005_002/description;0.0;;;NetCDF;;;;;;daily;86400.0;;;Copernicus;Copernicus
Copernicus monthly MYINT;model;northward_Water_current;IBI;;IBI_MULTIYEAR_PHY_005_002;cmems_mod_ibi_phy_myint_0.083deg_P1M-m;;;;;0.083deg;4.0;2024-01-01;2024-09-01;marineCopernicus;vo;https://data.marine.copernicus.eu/product/IBI_MULTIYEAR_PHY_005_002/description;0.0;;;NetCDF;;;;;;monthly;86400.0;;;Copernicus;Copernicus
Copernicus daily MY;model;Ammonium;IBI;;IBI_MULTIYEAR_BGC_005_003;cmems_mod_ibi_bgc_my_0.083deg-3D_P1D-m;;;;;0.083deg-3D;4.0;1993-01-01;2023-12-28;marineCopernicus;nh4;https://data.marine.copernicus.eu/product/IBI_MULTIYEAR_BGC_005_003/description;0.0;;;NetCDF;;;;;;daily;14.0;;;Copernicus;Copernicus
Copernicus daily MY (10% of nitrate);model;Ammonium;IBI;;IBI_MULTIYEAR_BGC_005_003;cmems_mod_ibi_bgc_my_0.083deg-3D_P1D-m;;;;;0.083deg-3D;4.0;1993-01-01;2023-12-28;marineCopernicus;no3;https://data.marine.copernicus.eu/product/IBI_MULTIYEAR_BGC_005_003/description;0.0;;;NetCDF;;;;;;daily;1.4;;;Copernicus;Copernicus
Copernicus monthly MY;model;Ammonium;IBI;;IBI_MULTIYEAR_BGC_005_003;cmems_mod_ibi_bgc_my_0.083deg-3D_P1M-m;;;;;0.083deg-3D;4.0;1993-01-01;2023-12-01;marineCopernicus;nh4;https://data.marine.copernicus.eu/product/IBI_MULTIYEAR_BGC_005_003/description;0.0;;;NetCDF;;;;;;monthly;14.0;;;Copernicus;Copernicus
Copernicus monthly MY (10% of nitrate);model;Ammonium;IBI;;IBI_MULTIYEAR_BGC_005_003;cmems_mod_ibi_bgc_my_0.083deg-3D_P1M-m;;;;;0.083deg-3D;4.0;1993-01-01;2023-12-01;marineCopernicus;no3;https://data.marine.copernicus.eu/product/IBI_MULTIYEAR_BGC_005_003/description;0.0;;;NetCDF;;;;;;monthly;1.4;;;Copernicus;Copernicus
Copernicus daily MYINT;model;Ammonium;IBI;;IBI_MULTIYEAR_BGC_005_003;cmems_mod_ibi_bgc_myint_0.083deg_P1D-m;;;;;0.083deg;4.0;2023-12-29;2024-10-23;marineCopernicus;nh4;https://data.marine.copernicus.eu/product/IBI_MULTIYEAR_BGC_005_003/description;0.0;;;NetCDF;;;;;;daily;14.0;;;Copernicus;Copernicus
Copernicus daily MYINT (10% of nitrate);model;Ammonium;IBI;;IBI_MULTIYEAR_BGC_005_003;cmems_mod_ibi_bgc_myint_0.083deg_P1D-m;;;;;0.083deg;4.0;2023-12-29;2024-10-23;marineCopernicus;no3;https://data.marine.copernicus.eu/product/IBI_MULTIYEAR_BGC_005_003/description;0.0;;;NetCDF;;;;;;daily;1.4;;;Copernicus;Copernicus
Copernicus monthly MYINT;model;Ammonium;IBI;;IBI_MULTIYEAR_BGC_005_003;cmems_mod_ibi_bgc_myint_0.083deg_P1M-m;;;;;0.083deg;4.0;2024-01-01;2024-09-01;marineCopernicus;nh4;https://data.marine.copernicus.eu/product/IBI_MULTIYEAR_BGC_005_003/description;0.0;;;NetCDF;;;;;;monthly;14.0;;;Copernicus;Copernicus
Copernicus monthly MYINT (10% of nitrate);model;Ammonium;IBI;;IBI_MULTIYEAR_BGC_005_003;cmems_mod_ibi_bgc_myint_0.083deg_P1M-m;;;;;0.083deg;4.0;2024-01-01;2024-09-01;marineCopernicus;no3;https://data.marine.copernicus.eu/product/IBI_MULTIYEAR_BGC_005_003/description;0.0;;;NetCDF;;;;;;monthly;1.4;;;Copernicus;Copernicus
Copernicus daily MY;model;Nitrate;IBI;;IBI_MULTIYEAR_BGC_005_003;cmems_mod_ibi_bgc_my_0.083deg-3D_P1D-m;;;;;0.083deg-3D;4.0;1993-01-01;2023-12-28;marineCopernicus;no3;https://data.marine.copernicus.eu/product/IBI_MULTIYEAR_BGC_005_003/description;0.0;;;NetCDF;;;;;;daily;14.0;;;Copernicus;Copernicus
Copernicus monthly MY;model;Nitrate;IBI;;IBI_MULTIYEAR_BGC_005_003;cmems_mod_ibi_bgc_my_0.083deg-3D_P1M-m;;;;;0.083deg-3D;4.0;1993-01-01;2023-12-01;marineCopernicus;no3;https://data.marine.copernicus.eu/product/IBI_MULTIYEAR_BGC_005_003/description;0.0;;;NetCDF;;;;;;monthly;14.0;;;Copernicus;Copernicus
Copernicus daily MYINT;model;Nitrate;IBI;;IBI_MULTIYEAR_BGC_005_003;cmems_mod_ibi_bgc_myint_0.083deg_P1D-m;;;;;0.083deg;4.0;2023-12-29;2024-10-23;marineCopernicus;no3;https://data.marine.copernicus.eu/product/IBI_MULTIYEAR_BGC_005_003/description;0.0;;;NetCDF;;;;;;daily;14.0;;;Copernicus;Copernicus
Copernicus monthly MYINT;model;Nitrate;IBI;;IBI_MULTIYEAR_BGC_005_003;cmems_mod_ibi_bgc_myint_0.083deg_P1M-m;;;;;0.083deg;4.0;2024-01-01;2024-09-01;marineCopernicus;no3;https://data.marine.copernicus.eu/product/IBI_MULTIYEAR_BGC_005_003/description;0.0;;;NetCDF;;;;;;monthly;14.0;;;Copernicus;Copernicus
Copernicus daily MY;model;Chlorophyll-a;IBI;;IBI_MULTIYEAR_BGC_005_003;cmems_mod_ibi_bgc_my_0.083deg-3D_P1D-m;;;;;0.083deg-3D;4.0;1993-01-01;2023-12-28;marineCopernicus;chl;https://data.marine.copernicus.eu/product/IBI_MULTIYEAR_BGC_005_003/description;0.0;;;NetCDF;;;;;;daily;;;;Copernicus;Copernicus
Copernicus monthly MY;model;Chlorophyll-a;IBI;;IBI_MULTIYEAR_BGC_005_003;cmems_mod_ibi_bgc_my_0.083deg-3D_P1M-m;;;;;0.083deg-3D;4.0;1993-01-01;2023-12-01;marineCopernicus;chl;https://data.marine.copernicus.eu/product/IBI_MULTIYEAR_BGC_005_003/description;0.0;;;NetCDF;;;;;;monthly;;;;Copernicus;Copernicus
Copernicus daily MYINT;model;Chlorophyll-a;IBI;;IBI_MULTIYEAR_BGC_005_003;cmems_mod_ibi_bgc_myint_0.083deg_P1D-m;;;;;0.083deg;4.0;2023-12-29;2024-10-23;marineCopernicus;chl;https://data.marine.copernicus.eu/product/IBI_MULTIYEAR_BGC_005_003/description;0.0;;;NetCDF;;;;;;daily;;;;Copernicus;Copernicus
Copernicus monthly MYINT;model;Chlorophyll-a;IBI;;IBI_MULTIYEAR_BGC_005_003;cmems_mod_ibi_bgc_myint_0.083deg_P1M-m;;;;;0.083deg;4.0;2024-01-01;2024-09-01;marineCopernicus;chl;https://data.marine.copernicus.eu/product/IBI_MULTIYEAR_BGC_005_003/description;0.0;;;NetCDF;;;;;;monthly;;;;Copernicus;Copernicus
Copernicus daily MY;model;Phosphate;IBI;;IBI_MULTIYEAR_BGC_005_003;cmems_mod_ibi_bgc_my_0.083deg-3D_P1D-m;;;;;0.083deg-3D;4.0;1993-01-01;2023-12-28;marineCopernicus;po4;https://data.marine.copernicus.eu/product/IBI_MULTIYEAR_BGC_005_003/description;0.0;;;NetCDF;;;;;;daily;;;;Copernicus;Copernicus
Copernicus monthly MY;model;Phosphate;IBI;;IBI_MULTIYEAR_BGC_005_003;cmems_mod_ibi_bgc_my_0.083deg-3D_P1M-m;;;;;0.083deg-3D;4.0;1993-01-01;2023-12-01;marineCopernicus;po4;https://data.marine.copernicus.eu/product/IBI_MULTIYEAR_BGC_005_003/description;0.0;;;NetCDF;;;;;;monthly;;;;Copernicus;Copernicus
Copernicus daily MYINT;model;Phosphate;IBI;;IBI_MULTIYEAR_BGC_005_003;cmems_mod_ibi_bgc_myint_0.083deg_P1D-m;;;;;0.083deg;4.0;2023-12-29;2024-10-23;marineCopernicus;po4;https://data.marine.copernicus.eu/product/IBI_MULTIYEAR_BGC_005_003/description;0.0;;;NetCDF;;;;;;daily;;;;Copernicus;Copernicus
Copernicus monthly MYINT;model;Phosphate;IBI;;IBI_MULTIYEAR_BGC_005_003;cmems_mod_ibi_bgc_myint_0.083deg_P1M-m;;;;;0.083deg;4.0;2024-01-01;2024-09-01;marineCopernicus;po4;https://data.marine.copernicus.eu/product/IBI_MULTIYEAR_BGC_005_003/description;0.0;;;NetCDF;;;;;;monthly;;;;Copernicus;Copernicus
Copernicus daily ANFC;model;Temperature;MED;;MEDSEA_ANALYSISFORECAST_PHY_006_013;cmems_mod_med_phy-tem_anfc_4.2km_P1D-m;;;;;4.2km;4.0;2022-11-01;2025-03-07;marineCopernicus;thetao;https://data.marine.copernicus.eu/product/MEDSEA_ANALYSISFORECAST_PHY_006_013/description;0.0;;;NetCDF;;;;;;daily;;;;Copernicus;Copernicus
Copernicus monthly ANFC;model;Temperature;MED;;MEDSEA_ANALYSISFORECAST_PHY_006_013;cmems_mod_med_phy-tem_anfc_4.2km_P1M-m;;;;;4.2km;4.0;2022-11-01;2025-01-01;marineCopernicus;thetao;https://data.marine.copernicus.eu/product/MEDSEA_ANALYSISFORECAST_PHY_006_013/description;0.0;;;NetCDF;;;;;;monthly;;;;Copernicus;Copernicus
Copernicus daily ANFC;model;eastward_Water_current;MED;;MEDSEA_ANALYSISFORECAST_PHY_006_013;cmems_mod_med_phy-cur_anfc_4.2km_P1D-m;;;;;4.2km;4.0;2022-11-01;2025-03-07;marineCopernicus;uo;https://data.marine.copernicus.eu/product/MEDSEA_ANALYSISFORECAST_PHY_006_013/description;0.0;;;NetCDF;;;;;;daily;86400.0;;;Copernicus;Copernicus
Copernicus monthly ANFC;model;eastward_Water_current;MED;;MEDSEA_ANALYSISFORECAST_PHY_006_013;cmems_mod_med_phy-cur_anfc_4.2km_P1M-m;;;;;4.2km;4.0;2022-11-01;2025-01-01;marineCopernicus;uo;https://data.marine.copernicus.eu/product/MEDSEA_ANALYSISFORECAST_PHY_006_013/description;0.0;;;NetCDF;;;;;;monthly;86400.0;;;Copernicus;Copernicus
Copernicus daily ANFC;model;northward_Water_current;MED;;MEDSEA_ANALYSISFORECAST_PHY_006_013;cmems_mod_med_phy-cur_anfc_4.2km_P1D-m;;;;;4.2km;4.0;2022-11-01;2025-03-07;marineCopernicus;vo;https://data.marine.copernicus.eu/product/MEDSEA_ANALYSISFORECAST_PHY_006_013/description;0.0;;;NetCDF;;;;;;daily;86400.0;;;Copernicus;Copernicus
Copernicus monthly ANFC;model;northward_Water_current;MED;;MEDSEA_ANALYSISFORECAST_PHY_006_013;cmems_mod_med_phy-cur_anfc_4.2km_P1M-m;;;;;4.2km;4.0;2022-11-01;2025-01-01;marineCopernicus;vo;https://data.marine.copernicus.eu/product/MEDSEA_ANALYSISFORECAST_PHY_006_013/description;0.0;;;NetCDF;;;;;;monthly;86400.0;;;Copernicus;Copernicus
Copernicus daily ANFC;model;Ammonium;MED;;MEDSEA_ANALYSISFORECAST_BGC_006_014;cmems_mod_med_bgc-nut_anfc_4.2km_P1D-m;;;;;4.2km;4.0;2022-10-01;2025-03-06;marineCopernicus;nh4;https://data.marine.copernicus.eu/product/MEDSEA_ANALYSISFORECAST_BGC_006_014/description;0.0;;;NetCDF;;;;;;daily;14.0;;;Copernicus;Copernicus
Copernicus daily ANFC (10% of nitrate);model;Ammonium;MED;;MEDSEA_ANALYSISFORECAST_BGC_006_014;cmems_mod_med_bgc-nut_anfc_4.2km_P1D-m;;;;;4.2km;4.0;2022-10-01;2025-03-06;marineCopernicus;no3;https://data.marine.copernicus.eu/product/MEDSEA_ANALYSISFORECAST_BGC_006_014/description;0.0;;;NetCDF;;;;;;daily;1.4;;;Copernicus;Copernicus
Copernicus monthly ANFC;model;Ammonium;MED;;MEDSEA_ANALYSISFORECAST_BGC_006_014;cmems_mod_med_bgc-nut_anfc_4.2km_P1M-m;;;;;4.2km;4.0;2022-10-01;2025-01-01;marineCopernicus;nh4;https://data.marine.copernicus.eu/product/MEDSEA_ANALYSISFORECAST_BGC_006_014/description;0.0;;;NetCDF;;;;;;monthly;14.0;;;Copernicus;Copernicus
Copernicus monthly ANFC (10% of nitrate);model;Ammonium;MED;;MEDSEA_ANALYSISFORECAST_BGC_006_014;cmems_mod_med_bgc-nut_anfc_4.2km_P1M-m;;;;;4.2km;4.0;2022-10-01;2025-01-01;marineCopernicus;no3;https://data.marine.copernicus.eu/product/MEDSEA_ANALYSISFORECAST_BGC_006_014/description;0.0;;;NetCDF;;;;;;monthly;1.4;;;Copernicus;Copernicus
Copernicus daily ANFC;model;Nitrate;MED;;MEDSEA_ANALYSISFORECAST_BGC_006_014;cmems_mod_med_bgc-nut_anfc_4.2km_P1D-m;;;;;4.2km;4.0;2022-10-01;2025-03-06;marineCopernicus;no3;https://data.marine.copernicus.eu/product/MEDSEA_ANALYSISFORECAST_BGC_006_014/description;0.0;;;NetCDF;;;;;;daily;14.0;;;Copernicus;Copernicus
Copernicus monthly ANFC;model;Nitrate;MED;;MEDSEA_ANALYSISFORECAST_BGC_006_014;cmems_mod_med_bgc-nut_anfc_4.2km_P1M-m;;;;;4.2km;4.0;2022-10-01;2025-01-01;marineCopernicus;no3;https://data.marine.copernicus.eu/product/MEDSEA_ANALYSISFORECAST_BGC_006_014/description;0.0;;;NetCDF;;;;;;monthly;14.0;;;Copernicus;Copernicus
Copernicus daily ANFC;model;Chlorophyll-a;MED;;MEDSEA_ANALYSISFORECAST_BGC_006_014;cmems_mod_med_bgc-pft_anfc_4.2km_P1D-m;;;;;4.2km;4.0;2022-10-01;2025-03-06;marineCopernicus;chl;https://data.marine.copernicus.eu/product/MEDSEA_ANALYSISFORECAST_BGC_006_014/description;0.0;;;NetCDF;;;;;;daily;;;;Copernicus;Copernicus
Copernicus monthly ANFC;model;Chlorophyll-a;MED;;MEDSEA_ANALYSISFORECAST_BGC_006_014;cmems_mod_med_bgc-pft_anfc_4.2km_P1M-m;;;;;4.2km;4.0;2022-10-01;2025-01-01;marineCopernicus;chl;https://data.marine.copernicus.eu/product/MEDSEA_ANALYSISFORECAST_BGC_006_014/description;0.0;;;NetCDF;;;;;;monthly;;;;Copernicus;Copernicus
Copernicus daily ANFC;model;Phosphate;MED;;MEDSEA_ANALYSISFORECAST_BGC_006_014;cmems_mod_med_bgc-nut_anfc_4.2km_P1D-m;;;;;4.2km;4.0;2022-10-01;2025-03-06;marineCopernicus;po4;https://data.marine.copernicus.eu/product/MEDSEA_ANALYSISFORECAST_BGC_006_014/description;0.0;;;NetCDF;;;;;;daily;;;;Copernicus;Copernicus
Copernicus monthly ANFC;model;Phosphate;MED;;MEDSEA_ANALYSISFORECAST_BGC_006_014;cmems_mod_med_bgc-nut_anfc_4.2km_P1M-m;;;;;4.2km;4.0;2022-10-01;2025-01-01;marineCopernicus;po4;https://data.marine.copernicus.eu/product/MEDSEA_ANALYSISFORECAST_BGC_006_014/description;0.0;;;NetCDF;;;;;;monthly;;;;Copernicus;Copernicus
Copernicus monthly MYINT;model;Ammonium;MED;;MEDSEA_MULTIYEAR_BGC_006_008;cmems_mod_med_bgc-nut_myint_4.2km_P1M-m;;;;;4.2km;4.0;2021-07-01;2025-01-01;marineCopernicus;nh4;https://data.marine.copernicus.eu/product/MEDSEA_MULTIYEAR_BGC_006_008/description;0.0;;;NetCDF;;;;;;monthly;14.0;;;Copernicus;Copernicus
Copernicus monthly MYINT (10% of nitrate);model;Ammonium;MED;;MEDSEA_MULTIYEAR_BGC_006_008;cmems_mod_med_bgc-nut_myint_4.2km_P1M-m;;;;;4.2km;4.0;2021-07-01;2025-01-01;marineCopernicus;no3;https://data.marine.copernicus.eu/product/MEDSEA_MULTIYEAR_BGC_006_008/description;0.0;;;NetCDF;;;;;;monthly;1.4;;;Copernicus;Copernicus
Copernicus monthly MYINT;model;Nitrate;MED;;MEDSEA_MULTIYEAR_BGC_006_008;cmems_mod_med_bgc-nut_myint_4.2km_P1M-m;;;;;4.2km;4.0;2021-07-01;2025-01-01;marineCopernicus;no3;https://data.marine.copernicus.eu/product/MEDSEA_MULTIYEAR_BGC_006_008/description;0.0;;;NetCDF;;;;;;monthly;14.0;;;Copernicus;Copernicus
Copernicus monthly MYINT;model;Chlorophyll-a;MED;;MEDSEA_MULTIYEAR_BGC_006_008;cmems_mod_med_bgc-pft_myint_4.2km_P1M-m;;;;;4.2km;4.0;2021-07-01;2025-01-01;marineCopernicus;chl;https://data.marine.copernicus.eu/product/MEDSEA_MULTIYEAR_BGC_006_008/description;0.0;;;NetCDF;;;;;;monthly;;;;Copernicus;Copernicus
Copernicus monthly MYINT;model;Phosphate;MED;;MEDSEA_MULTIYEAR_BGC_006_008;cmems_mod_med_bgc-nut_myint_4.2km_P1M-m;;;;;4.2km;4.0;2021-07-01;2025-01-01;marineCopernicus;po4;https://data.marine.copernicus.eu/product/MEDSEA_MULTIYEAR_BGC_006_008/description;0.0;;;NetCDF;;;;;;monthly;;;;Copernicus;Copernicus
Copernicus daily MY;model;Nitrate;MED;;MEDSEA_MULTIYEAR_BGC_006_008;med-ogs-nut-rean-d;;;;;xxx;4.0;01/01/1993;30/05/2023;marineCopernicus;no3;https://data.marine.copernicus.eu/product/MEDSEA_MULTIYEAR_BGC_006_008/description;0.0;;;NetCDF;;;;;;daily;14.0;;;Copernicus;Copernicus
Copernicus monthly MY;model;Nitrate;MED;;MEDSEA_MULTIYEAR_BGC_006_008;med-ogs-nut-rean-m;;;;;xxx;4.0;01/01/1993;30/04/2023;marineCopernicus;no3;https://data.marine.copernicus.eu/product/MEDSEA_MULTIYEAR_BGC_006_008/description;0.0;;;NetCDF;;;;;;monthly;14.0;;;Copernicus;Copernicus
Copernicus daily MY (10% of nitrate);model;Ammonium;MED;;MEDSEA_MULTIYEAR_BGC_006_008;med-ogs-nut-rean-d;;;;;xxx;4.0;01/01/1993;30/05/2023;marineCopernicus;no3;https://data.marine.copernicus.eu/product/MEDSEA_MULTIYEAR_BGC_006_008/description;0.0;;;NetCDF;;;;;;daily;1.4;;;Copernicus;Copernicus
Copernicus monthly MY (10% of nitrate);model;Ammonium;MED;;MEDSEA_MULTIYEAR_BGC_006_008;med-ogs-nut-rean-m;;;;;xxx;4.0;01/01/1993;30/04/2023;marineCopernicus;no3;https://data.marine.copernicus.eu/product/MEDSEA_MULTIYEAR_BGC_006_008/description;0.0;;;NetCDF;;;;;;monthly;1.4;;;Copernicus;Copernicus
Copernicus daily MY;model;Ammonium;MED;;MEDSEA_MULTIYEAR_BGC_006_008;med-ogs-nut-rean-d;;;;;xxx;4.0;01/01/1993;30/05/2023;marineCopernicus;nh4;https://data.marine.copernicus.eu/product/MEDSEA_MULTIYEAR_BGC_006_008/description;0.0;;;NetCDF;;;;;;daily;14.0;;;Copernicus;Copernicus
Copernicus monthly MY;model;Ammonium;MED;;MEDSEA_MULTIYEAR_BGC_006_008;med-ogs-nut-rean-m;;;;;xxx;4.0;01/01/1993;30/04/2023;marineCopernicus;nh4;https://data.marine.copernicus.eu/product/MEDSEA_MULTIYEAR_BGC_006_008/description;0.0;;;NetCDF;;;;;;monthly;14.0;;;Copernicus;Copernicus
Copernicus daily MY;model;Chlorophyll-a;MED;;MEDSEA_MULTIYEAR_BGC_006_008;med-ogs-pft-rean-d;;;;;xxx;4.0;01/01/1993;30/05/2023;marineCopernicus;chl;https://data.marine.copernicus.eu/product/MEDSEA_MULTIYEAR_BGC_006_008/description;0.0;;;NetCDF;;;;;;daily;;;;Copernicus;Copernicus
Copernicus monthly MY;model;Chlorophyll-a;MED;;MEDSEA_MULTIYEAR_BGC_006_008;med-ogs-pft-rean-m;;;;;xxx;4.0;01/01/1993;30/04/2023;marineCopernicus;chl;https://data.marine.copernicus.eu/product/MEDSEA_MULTIYEAR_BGC_006_008/description;0.0;;;NetCDF;;;;;;monthly;;;;Copernicus;Copernicus
Copernicus daily MY;model;Phosphate;MED;;MEDSEA_MULTIYEAR_BGC_006_008;med-ogs-nut-rean-d;;;;;xxx;4.0;01/01/1993;30/05/2023;marineCopernicus;po4;https://data.marine.copernicus.eu/product/MEDSEA_MULTIYEAR_BGC_006_008/description;0.0;;;NetCDF;;;;;;daily;14.0;;;Copernicus;Copernicus
Copernicus monthly MY;model;Phosphate;MED;;MEDSEA_MULTIYEAR_BGC_006_008;med-ogs-nut-rean-m;;;;;xxx;4.0;01/01/1993;30/04/2023;marineCopernicus;po4;https://data.marine.copernicus.eu/product/MEDSEA_MULTIYEAR_BGC_006_008/description;0.0;;;NetCDF;;;;;;monthly;14.0;;;Copernicus;Copernicus
Copernicus daily MY;model;Temperature;MED;;MEDSEA_MULTIYEAR_PHY_006_004;med-cmcc-tem-rean-d;;;;;xxx;4.0;01/01/1993;30/05/2023;marineCopernicus;thetao;https://data.marine.copernicus.eu/product/MEDSEA_MULTIYEAR_PHY_006_004/description;0.0;;;NetCDF;;;;;;daily;;;;Copernicus;Copernicus
Copernicus monthly MY;model;Temperature;MED;;MEDSEA_MULTIYEAR_PHY_006_004;med-cmcc-tem-rean-m;;;;;xxx;4.0;01/01/1993;30/04/2023;marineCopernicus;thetao;https://data.marine.copernicus.eu/product/MEDSEA_MULTIYEAR_PHY_006_004/description;0.0;;;NetCDF;;;;;;monthly;;;;Copernicus;Copernicus
Copernicus daily MY;model;eastward_Water_current;MED;;MEDSEA_MULTIYEAR_PHY_006_004;med-cmcc-cur-rean-d;;;;;xxx;4.0;01/01/1993;30/05/2023;marineCopernicus;thetao;https://data.marine.copernicus.eu/product/MEDSEA_MULTIYEAR_PHY_006_004/description;0.0;;;NetCDF;;;;;;daily;86400.0;;;Copernicus;Copernicus
Copernicus daily MY;model;northward_Water_current;MED;;MEDSEA_MULTIYEAR_PHY_006_004;med-cmcc-cur-rean-d;;;;;xxx;4.0;01/01/1993;30/05/2023;marineCopernicus;thetao;https://data.marine.copernicus.eu/product/MEDSEA_MULTIYEAR_PHY_006_004/description;0.0;;;NetCDF;;;;;;daily;86400.0;;;Copernicus;Copernicus
Copernicus monthly MY;model;eastward_Water_current;MED;;MEDSEA_MULTIYEAR_PHY_006_004;med-cmcc-cur-rean-m;;;;;xxx;4.0;01/01/1993;30/04/2023;marineCopernicus;thetao;https://data.marine.copernicus.eu/product/MEDSEA_MULTIYEAR_PHY_006_004/description;0.0;;;NetCDF;;;;;;monthly;86400.0;;;Copernicus;Copernicus
Copernicus monthly MY;model;northward_Water_current;MED;;MEDSEA_MULTIYEAR_PHY_006_004;med-cmcc-cur-rean-m;;;;;xxx;4.0;01/01/1993;30/04/2023;marineCopernicus;thetao;https://data.marine.copernicus.eu/product/MEDSEA_MULTIYEAR_PHY_006_004/description;0.0;;;NetCDF;;;;;;monthly;86400.0;;;Copernicus;Copernicus
NASA Ocean Colour 2020, filled;sat;par;BS;;;/media/global/PAR_ref_OC_2020_new.nc;;;;;;;01/01/2020;31/12/2020;;par;;;;;NetCDF;;;;;;monthly;11.574;;;;Reference
NASA Ocean Colour 2021, filled;sat;par;BS;;;/media/global/PAR_ref_OC_2021_new.nc;;;;;;;01/01/2021;31/12/2021;;par;;;;;NetCDF;;;;;;monthly;11.574;;;;Reference
NASA Ocean Colour 2022, filled;sat;par;BS;;;/media/global/PAR_ref_OC_2022_new.nc;;;;;;;01/01/2022;31/12/2022;;par;;;;;NetCDF;;;;;;monthly;11.574;;;;Reference
NASA Ocean Colour 2023, filled;sat;par;BS;;;/media/global/PAR_ref_OC_2023_new.nc;;;;;;;01/01/2023;31/12/2023;;par;;;;;NetCDF;;;;;;monthly;11.574;;;;Reference
NASA Ocean Colour 2024, filled;sat;par;BS;;;/media/global/PAR_ref_OC_2024_new.nc;;;;;;;01/01/2024;31/12/2024;;par;;;;;NetCDF;;;;;;monthly;11.574;;;;Reference
NASA Ocean Colour 2020, filled;sat;par;NWS;;;/media/global/PAR_ref_OC_2020_new.nc;;;;;;;01/01/2020;31/12/2020;;par;;;;;NetCDF;;;;;;monthly;11.574;;;;Reference
NASA Ocean Colour 2021, filled;sat;par;NWS;;;/media/global/PAR_ref_OC_2021_new.nc;;;;;;;01/01/2021;31/12/2021;;par;;;;;NetCDF;;;;;;monthly;11.574;;;;Reference
NASA Ocean Colour 2022, filled;sat;par;NWS;;;/media/global/PAR_ref_OC_2022_new.nc;;;;;;;01/01/2022;31/12/2022;;par;;;;;NetCDF;;;;;;monthly;11.574;;;;Reference
NASA Ocean Colour 2023, filled;sat;par;NWS;;;/media/global/PAR_ref_OC_2023_new.nc;;;;;;;01/01/2023;31/12/2023;;par;;;;;NetCDF;;;;;;monthly;11.574;;;;Reference
NASA Ocean Colour 2024, filled;sat;par;NWS;;;/media/global/PAR_ref_OC_2024_new.nc;;;;;;;01/01/2024;31/12/2024;;par;;;;;NetCDF;;;;;;monthly;11.574;;;;Reference
NASA Ocean Colour 2020, filled;sat;par;Baltic;;;/media/global/PAR_ref_OC_2020_new.nc;;;;;;;01/01/2020;31/12/2020;;par;;;;;NetCDF;;;;;;monthly;11.574;;;;Reference
NASA Ocean Colour 2021, filled;sat;par;Baltic;;;/media/global/PAR_ref_OC_2021_new.nc;;;;;;;01/01/2021;31/12/2021;;par;;;;;NetCDF;;;;;;monthly;11.574;;;;Reference
NASA Ocean Colour 2022, filled;sat;par;Baltic;;;/media/global/PAR_ref_OC_2022_new.nc;;;;;;;01/01/2022;31/12/2022;;par;;;;;NetCDF;;;;;;monthly;11.574;;;;Reference
NASA Ocean Colour 2023, filled;sat;par;Baltic;;;/media/global/PAR_ref_OC_2023_new.nc;;;;;;;01/01/2023;31/12/2023;;par;;;;;NetCDF;;;;;;monthly;11.574;;;;Reference
NASA Ocean Colour 2024, filled;sat;par;Baltic;;;/media/global/PAR_ref_OC_2024_new.nc;;;;;;;01/01/2024;31/12/2024;;par;;;;;NetCDF;;;;;;monthly;11.574;;;;Reference
NASA Ocean Colour 2020, filled;sat;par;Arctic;;;/media/global/PAR_ref_OC_2020_new.nc;;;;;;;01/01/2020;31/12/2020;;par;;;;;NetCDF;;;;;;monthly;11.574;;;;Reference
NASA Ocean Colour 2021, filled;sat;par;Arctic;;;/media/global/PAR_ref_OC_2021_new.nc;;;;;;;01/01/2021;31/12/2021;;par;;;;;NetCDF;;;;;;monthly;11.574;;;;Reference
NASA Ocean Colour 2022, filled;sat;par;Arctic;;;/media/global/PAR_ref_OC_2022_new.nc;;;;;;;01/01/2022;31/12/2022;;par;;;;;NetCDF;;;;;;monthly;11.574;;;;Reference
NASA Ocean Colour 2023, filled;sat;par;Arctic;;;/media/global/PAR_ref_OC_2023_new.nc;;;;;;;01/01/2023;31/12/2023;;par;;;;;NetCDF;;;;;;monthly;11.574;;;;Reference
NASA Ocean Colour 2024, filled;sat;par;Arctic;;;/media/global/PAR_ref_OC_2024_new.nc;;;;;;;01/01/2024;31/12/2024;;par;;;;;NetCDF;;;;;;monthly;11.574;;;;Reference
NASA Ocean Colour 2020, filled;sat;par;IBI;;;/media/global/PAR_ref_OC_2020_new.nc;;;;;;;01/01/2020;31/12/2020;;par;;;;;NetCDF;;;;;;monthly;11.574;;;;Reference
NASA Ocean Colour 2021, filled;sat;par;IBI;;;/media/global/PAR_ref_OC_2021_new.nc;;;;;;;01/01/2021;31/12/2021;;par;;;;;NetCDF;;;;;;monthly;11.574;;;;Reference
NASA Ocean Colour 2022, filled;sat;par;IBI;;;/media/global/PAR_ref_OC_2022_new.nc;;;;;;;01/01/2022;31/12/2022;;par;;;;;NetCDF;;;;;;monthly;11.574;;;;Reference
NASA Ocean Colour 2023, filled;sat;par;IBI;;;/media/global/PAR_ref_OC_2023_new.nc;;;;;;;01/01/2023;31/12/2023;;par;;;;;NetCDF;;;;;;monthly;11.574;;;;Reference
NASA Ocean Colour 2024, filled;sat;par;IBI;;;/media/global/PAR_ref_OC_2024_new.nc;;;;;;;01/01/2024;31/12/2024;;par;;;;;NetCDF;;;;;;monthly;11.574;;;;Reference
NASA Ocean Colour 2020, filled;sat;par;MED;;;/media/global/PAR_ref_OC_2020_new.nc;;;;;;;01/01/2020;31/12/2020;;par;;;;;NetCDF;;;;;;monthly;11.574;;;;Reference
NASA Ocean Colour 2021, filled;sat;par;MED;;;/media/global/PAR_ref_OC_2021_new.nc;;;;;;;01/01/2021;31/12/2021;;par;;;;;NetCDF;;;;;;monthly;11.574;;;;Reference
NASA Ocean Colour 2022, filled;sat;par;MED;;;/media/global/PAR_ref_OC_2022_new.nc;;;;;;;01/01/2022;31/12/2022;;par;;;;;NetCDF;;;;;;monthly;11.574;;;;Reference
NASA Ocean Colour 2023, filled;sat;par;MED;;;/media/global/PAR_ref_OC_2023_new.nc;;;;;;;01/01/2023;31/12/2023;;par;;;;;NetCDF;;;;;;monthly;11.574;;;;Reference
NASA Ocean Colour 2024, filled;sat;par;MED;;;/media/global/PAR_ref_OC_2024_new.nc;;;;;;;01/01/2024;31/12/2024;;par;;;;;NetCDF;;;;;;monthly;11.574;;;;Reference
